track_name,track_id,track_duration,track_popularity,track_url,track_uri,track_danceability,track_energy,track_key,track_loudness,track_speechiness,track_acousticness,track_instrumentalness,track_liveness,track_valence,track_tempo,track_time_signature
NADIE SABE,23d8v6tU6lR77pFKsApMtF,379.058,84,https://open.spotify.com/track/23d8v6tU6lR77pFKsApMtF,spotify:track:23d8v6tU6lR77pFKsApMtF,0.711,0.529,11,-5.016,0.0669,0.572,0.0,0.0799,0.582,170.305,4
MONACO,4MjDJD8cW7iVeWInc2Bdyj,267.194,97,https://open.spotify.com/track/4MjDJD8cW7iVeWInc2Bdyj,spotify:track:4MjDJD8cW7iVeWInc2Bdyj,0.621,0.787,4,-5.009,0.068,0.15,0.000402,0.58,0.13,139.056,4
FINA,3nNmRE0DxHC6ZaKkrpUumS,216.327,91,https://open.spotify.com/track/3nNmRE0DxHC6ZaKkrpUumS,spotify:track:3nNmRE0DxHC6ZaKkrpUumS,0.724,0.847,1,-5.41,0.298,0.0869,1.11e-06,0.118,0.396,94.601,4
HIBIKI,4qSEvFGCpde73gqIuq3sho,208.0,88,https://open.spotify.com/track/4qSEvFGCpde73gqIuq3sho,spotify:track:4qSEvFGCpde73gqIuq3sho,0.645,0.801,6,-5.605,0.0706,0.604,0.0,0.118,0.528,119.935,4
MR. OCTOBER,1ODFVLQszq0hCOdZtqV5wq,189.258,85,https://open.spotify.com/track/1ODFVLQszq0hCOdZtqV5wq,spotify:track:1ODFVLQszq0hCOdZtqV5wq,0.612,0.805,8,-5.682,0.172,0.188,1.96e-05,0.134,0.425,126.013,4
CYBERTRUCK,4Jc7252S1P99DjQ1lNGEOc,191.959,85,https://open.spotify.com/track/4Jc7252S1P99DjQ1lNGEOc,spotify:track:4Jc7252S1P99DjQ1lNGEOc,0.905,0.704,6,-4.948,0.338,0.371,2.09e-06,0.107,0.0991,151.823,4
VOU 787,0rDQZJtSGgsB2rdkObpdFa,123.643,82,https://open.spotify.com/track/0rDQZJtSGgsB2rdkObpdFa,spotify:track:0rDQZJtSGgsB2rdkObpdFa,0.555,0.834,5,-7.902,0.197,0.0488,0.0,0.265,0.563,125.015,4
SEDA,1YnChEM51BVZ5dRhbVFEMl,190.476,87,https://open.spotify.com/track/1YnChEM51BVZ5dRhbVFEMl,spotify:track:1YnChEM51BVZ5dRhbVFEMl,0.566,0.706,6,-6.441,0.126,0.268,1.02e-06,0.111,0.23,125.876,4
GRACIAS POR NADA,1U3A66OHQyTu4N2QTMsP86,177.45,83,https://open.spotify.com/track/1U3A66OHQyTu4N2QTMsP86,spotify:track:1U3A66OHQyTu4N2QTMsP86,0.555,0.778,6,-5.473,0.231,0.325,0.0,0.111,0.271,143.916,4
TELEFONO NUEVO,01ppKlDRCmPpusO3yNrSRY,354.784,85,https://open.spotify.com/track/01ppKlDRCmPpusO3yNrSRY,spotify:track:01ppKlDRCmPpusO3yNrSRY,0.619,0.619,2,-6.238,0.491,0.407,0.0,0.0932,0.393,125.752,4
BABY NUEVA,3NhstUmrlhaN1M6hP8zMbb,240.773,86,https://open.spotify.com/track/3NhstUmrlhaN1M6hP8zMbb,spotify:track:3NhstUmrlhaN1M6hP8zMbb,0.63,0.866,10,-4.816,0.0616,0.504,0.000505,0.328,0.359,117.924,4
MERCEDES CAROTA,3TYOH7ta0101NYssoH5GlU,202.635,84,https://open.spotify.com/track/3TYOH7ta0101NYssoH5GlU,spotify:track:3TYOH7ta0101NYssoH5GlU,0.487,0.822,1,-5.815,0.223,0.385,6.55e-05,0.115,0.193,134.046,4
LOS PITS,7ucEkWU0SVy0XFdfXESgfY,250.851,83,https://open.spotify.com/track/7ucEkWU0SVy0XFdfXESgfY,spotify:track:7ucEkWU0SVy0XFdfXESgfY,0.669,0.751,7,-5.367,0.445,0.442,2.11e-06,0.15,0.69,93.705,4
VUELVE CANDY B,3mRF0YNsDdFKFnxwg16hSz,266.171,81,https://open.spotify.com/track/3mRF0YNsDdFKFnxwg16hSz,spotify:track:3mRF0YNsDdFKFnxwg16hSz,0.691,0.785,4,-3.119,0.0904,0.223,1.74e-06,0.154,0.225,122.92,4
BATICANO,5qzLdvRViHUrRNdkpakG7C,256.0,82,https://open.spotify.com/track/5qzLdvRViHUrRNdkpakG7C,spotify:track:5qzLdvRViHUrRNdkpakG7C,0.6,0.785,3,-7.793,0.0656,0.455,6.76e-06,0.131,0.431,105.009,4
NO ME QUIERO CASAR,39L3LdlHS3gqB62HPWaJRg,225.654,84,https://open.spotify.com/track/39L3LdlHS3gqB62HPWaJRg,spotify:track:39L3LdlHS3gqB62HPWaJRg,0.698,0.914,1,-5.228,0.115,0.32,8.76e-06,0.083,0.757,99.011,4
WHERE SHE GOES,2sTDlCxmuZCTDKKk9f1qus,231.704,83,https://open.spotify.com/track/2sTDlCxmuZCTDKKk9f1qus,spotify:track:2sTDlCxmuZCTDKKk9f1qus,0.799,0.651,9,-4.02,0.0611,0.143,0.634,0.112,0.223,143.992,4
THUNDER Y LIGHTNING,4pcafPzLDSqQktqSpxHL3E,217.133,84,https://open.spotify.com/track/4pcafPzLDSqQktqSpxHL3E,spotify:track:4pcafPzLDSqQktqSpxHL3E,0.744,0.552,4,-2.656,0.124,0.496,0.0,0.112,0.627,156.027,4
PERRO NEGRO,7iQXYTyuG13aoeHxGG28Nh,162.767,97,https://open.spotify.com/track/7iQXYTyuG13aoeHxGG28Nh,spotify:track:7iQXYTyuG13aoeHxGG28Nh,0.778,0.911,5,-2.248,0.262,0.0887,2.16e-05,0.179,0.345,96.057,4
ACHO PR,1C7lXfx4Y5maVl4AgUVlHA,359.647,82,https://open.spotify.com/track/1C7lXfx4Y5maVl4AgUVlHA,spotify:track:1C7lXfx4Y5maVl4AgUVlHA,0.796,0.541,7,-5.177,0.347,0.317,0.0,0.193,0.469,85.205,4
UN PREVIEW,5ixdmTpCmH5diBA1j154wN,165.582,85,https://open.spotify.com/track/5ixdmTpCmH5diBA1j154wN,spotify:track:5ixdmTpCmH5diBA1j154wN,0.815,0.795,1,-3.322,0.0821,0.0368,3.82e-05,0.227,0.334,94.991,4
Moscow Mule,6Xom58OOXk2SoU711L2IXO,245.939,84,https://open.spotify.com/track/6Xom58OOXk2SoU711L2IXO,spotify:track:6Xom58OOXk2SoU711L2IXO,0.674,0.804,5,-5.453,0.0333,0.294,1.18e-06,0.115,0.292,99.968,4
Después de la Playa,1dm6z1fWB0cErMszU25dy2,230.4,78,https://open.spotify.com/track/1dm6z1fWB0cErMszU25dy2,spotify:track:1dm6z1fWB0cErMszU25dy2,0.903,0.564,5,-3.221,0.307,0.356,0.0,0.175,0.607,78.293,4
Me Porto Bonito,6Sq7ltF9Qa7SNFBsV5Cogx,178.567,89,https://open.spotify.com/track/6Sq7ltF9Qa7SNFBsV5Cogx,spotify:track:6Sq7ltF9Qa7SNFBsV5Cogx,0.712,0.911,1,-5.105,0.0817,0.0901,2.68e-05,0.0933,0.425,92.005,4
Tití Me Preguntó,1IHWl5LamUGEuP4ozKQSXZ,243.716,86,https://open.spotify.com/track/1IHWl5LamUGEuP4ozKQSXZ,spotify:track:1IHWl5LamUGEuP4ozKQSXZ,0.715,0.65,5,-5.198,0.253,0.0993,0.000291,0.126,0.187,106.672,4
Un Ratito,5CzixCxDkRXX9mScCmah8O,176.936,78,https://open.spotify.com/track/5CzixCxDkRXX9mScCmah8O,spotify:track:5CzixCxDkRXX9mScCmah8O,0.546,0.787,0,-7.094,0.0532,0.305,4.55e-05,0.122,0.222,93.05,4
Yo No Soy Celoso,5kVZxyMY1gfdCLiChsfjn1,230.704,75,https://open.spotify.com/track/5kVZxyMY1gfdCLiChsfjn1,spotify:track:5kVZxyMY1gfdCLiChsfjn1,0.588,0.872,0,-6.276,0.0492,0.275,0.0,0.17,0.93,142.004,4
Tarot,41oY4WCTj5kccfesTVFnvN,237.894,82,https://open.spotify.com/track/41oY4WCTj5kccfesTVFnvN,spotify:track:41oY4WCTj5kccfesTVFnvN,0.684,0.795,11,-3.971,0.0419,0.0225,0.0,0.658,0.419,114.011,4
Neverita,31i56LZnwE6uSu3exoHjtB,173.119,83,https://open.spotify.com/track/31i56LZnwE6uSu3exoHjtB,spotify:track:31i56LZnwE6uSu3exoHjtB,0.498,0.876,10,-7.511,0.0478,0.0706,0.0,0.143,0.428,122.016,4
La Corriente,1797zYiX4cKosMH836X9Gt,198.367,80,https://open.spotify.com/track/1797zYiX4cKosMH836X9Gt,spotify:track:1797zYiX4cKosMH836X9Gt,0.786,0.663,11,-3.51,0.195,0.229,0.0,0.219,0.579,196.12,4
Efecto,5Eax0qFko2dh7Rl2lYs3bx,213.061,86,https://open.spotify.com/track/5Eax0qFko2dh7Rl2lYs3bx,spotify:track:5Eax0qFko2dh7Rl2lYs3bx,0.475,0.801,7,-8.797,0.0516,0.141,1.73e-05,0.0639,0.234,98.047,4
Party,4tYFy8ALRjIZvnvSLw5lxN,227.628,80,https://open.spotify.com/track/4tYFy8ALRjIZvnvSLw5lxN,spotify:track:4tYFy8ALRjIZvnvSLw5lxN,0.799,0.829,9,-5.389,0.0897,0.0151,0.000543,0.242,0.471,97.013,4
Aguacero,2uflssWlCaJ6CbTMOsUpNI,210.989,75,https://open.spotify.com/track/2uflssWlCaJ6CbTMOsUpNI,spotify:track:2uflssWlCaJ6CbTMOsUpNI,0.645,0.861,6,-6.96,0.0743,0.423,0.000592,0.349,0.668,121.391,5
Enséñame a Bailar,2NMjggapJcXXM7WccGEBUO,176.0,77,https://open.spotify.com/track/2NMjggapJcXXM7WccGEBUO,spotify:track:2NMjggapJcXXM7WccGEBUO,0.789,0.81,8,-5.08,0.0846,0.191,1.08e-05,0.467,0.77,105.009,4
Ojitos Lindos,3k3NWokhRRkEPhCzPmV8TW,258.298,87,https://open.spotify.com/track/3k3NWokhRRkEPhCzPmV8TW,spotify:track:3k3NWokhRRkEPhCzPmV8TW,0.686,0.647,3,-5.745,0.0413,0.08,1.34e-06,0.528,0.268,79.928,4
Dos Mil 16,4d4ZXH4dr5bYfgErHiZCX2,208.615,78,https://open.spotify.com/track/4d4ZXH4dr5bYfgErHiZCX2,spotify:track:4d4ZXH4dr5bYfgErHiZCX2,0.67,0.817,1,-6.534,0.0506,0.123,1.92e-06,0.128,0.495,130.058,3
El Apagón,0UvZcEfpzVyx47QsRbjyBz,201.816,72,https://open.spotify.com/track/0UvZcEfpzVyx47QsRbjyBz,spotify:track:0UvZcEfpzVyx47QsRbjyBz,0.698,0.629,8,-4.485,0.308,0.0509,0.00166,0.0909,0.599,117.765,4
Otro Atardecer,0E0DRHf5PfMeor0ZCwB3oT,244.444,79,https://open.spotify.com/track/0E0DRHf5PfMeor0ZCwB3oT,spotify:track:0E0DRHf5PfMeor0ZCwB3oT,0.595,0.777,2,-6.79,0.0375,0.59,0.00139,0.0669,0.546,108.02,4
Un Coco,6VrQTLzzuyGIYjUDe4kAZk,196.412,81,https://open.spotify.com/track/6VrQTLzzuyGIYjUDe4kAZk,spotify:track:6VrQTLzzuyGIYjUDe4kAZk,0.69,0.839,11,-4.464,0.0615,0.207,8.33e-06,0.176,0.744,151.991,4
Andrea,44XjoNvtwevktFKjvVe1vH,339.611,78,https://open.spotify.com/track/44XjoNvtwevktFKjvVe1vH,spotify:track:44XjoNvtwevktFKjvVe1vH,0.616,0.797,1,-10.229,0.375,0.762,0.000293,0.0979,0.451,103.071,4
Me Fui de Vacaciones,28GCbKgjlVD9eDmasGbe0T,180.929,76,https://open.spotify.com/track/28GCbKgjlVD9eDmasGbe0T,spotify:track:28GCbKgjlVD9eDmasGbe0T,0.645,0.714,10,-5.493,0.0514,0.229,0.00083,0.0942,0.434,85.046,4
Un Verano Sin Ti,18HOjcvTVV7W8YzBuOsAPS,148.143,77,https://open.spotify.com/track/18HOjcvTVV7W8YzBuOsAPS,spotify:track:18HOjcvTVV7W8YzBuOsAPS,0.496,0.503,5,-9.123,0.0556,0.693,0.0,0.123,0.412,187.844,4
Agosto,0wihfILRNOwE2156Shezc8,139.041,76,https://open.spotify.com/track/0wihfILRNOwE2156Shezc8,spotify:track:0wihfILRNOwE2156Shezc8,0.584,0.849,1,-8.195,0.115,0.0929,6.18e-06,0.492,0.724,115.018,4
Callaita,71wFwRo8xGc4lrcyKwsvba,250.533,78,https://open.spotify.com/track/71wFwRo8xGc4lrcyKwsvba,spotify:track:71wFwRo8xGc4lrcyKwsvba,0.626,0.608,2,-4.773,0.301,0.597,2.16e-06,0.25,0.246,176.086,4
EL MUNDO ES MÍO,36DHxTW2xdr9GG15T9oK9L,165.199,64,https://open.spotify.com/track/36DHxTW2xdr9GG15T9oK9L,spotify:track:36DHxTW2xdr9GG15T9oK9L,0.522,0.716,5,-6.834,0.0582,0.166,6.5e-05,0.113,0.224,76.993,4
TE MUDASTE,5RubKOuDoPn5Kj5TLVxSxY,130.013,81,https://open.spotify.com/track/5RubKOuDoPn5Kj5TLVxSxY,spotify:track:5RubKOuDoPn5Kj5TLVxSxY,0.637,0.811,10,-4.835,0.0591,0.234,0.000572,0.118,0.471,92.025,4
HOY COBRÉ,0tjZv2hChdHZCW1zFXpy1J,162.151,67,https://open.spotify.com/track/0tjZv2hChdHZCW1zFXpy1J,spotify:track:0tjZv2hChdHZCW1zFXpy1J,0.725,0.86,11,-6.7,0.249,0.0464,9.1e-05,0.0994,0.375,145.001,4
MALDITA POBREZA,0Lsis3LB0XAK6XlTHXaJk2,213.609,64,https://open.spotify.com/track/0Lsis3LB0XAK6XlTHXaJk2,spotify:track:0Lsis3LB0XAK6XlTHXaJk2,0.861,0.762,4,-4.075,0.0652,0.139,1.08e-06,0.0956,0.588,133.037,4
LA NOCHE DE ANOCHE,2XIc1pqjXV3Cr2BQUGNBck,203.2,80,https://open.spotify.com/track/2XIc1pqjXV3Cr2BQUGNBck,spotify:track:2XIc1pqjXV3Cr2BQUGNBck,0.618,0.856,7,-4.892,0.286,0.0303,0.0,0.0866,0.391,81.993,4
TE DESEO LO MEJOR,23XjN1s3DZC8Q9ZwuorYY4,139.576,72,https://open.spotify.com/track/23XjN1s3DZC8Q9ZwuorYY4,spotify:track:23XjN1s3DZC8Q9ZwuorYY4,0.597,0.763,1,-5.054,0.0416,0.158,1.83e-05,0.111,0.194,126.054,4
YO VISTO ASÍ,5fROvzNghPid8mbKNDYvpJ,191.526,66,https://open.spotify.com/track/5fROvzNghPid8mbKNDYvpJ,spotify:track:5fROvzNghPid8mbKNDYvpJ,0.881,0.688,7,-4.889,0.0474,0.0947,0.0,0.0804,0.677,123.013,4
HACIENDO QUE ME AMAS,26QApq0cuO9brJigr0C0W4,217.768,75,https://open.spotify.com/track/26QApq0cuO9brJigr0C0W4,spotify:track:26QApq0cuO9brJigr0C0W4,0.411,0.584,10,-7.147,0.0838,0.869,4.47e-05,0.0955,0.412,169.934,4
BOOKER T,26w9NTiE9NGjW1ZvIOd1So,156.43,76,https://open.spotify.com/track/26w9NTiE9NGjW1ZvIOd1So,spotify:track:26w9NTiE9NGjW1ZvIOd1So,0.6,0.883,7,-7.188,0.37,0.114,7.94e-06,0.0931,0.691,113.903,4
LA DROGA,67ACYA3UI6QMNtHX6b34wX,162.299,73,https://open.spotify.com/track/67ACYA3UI6QMNtHX6b34wX,spotify:track:67ACYA3UI6QMNtHX6b34wX,0.727,0.643,1,-5.506,0.0389,0.0439,0.0,0.123,0.295,90.019,4
DÁKITI,4MzXwWMhyBbmu6hOcLVD49,205.09,79,https://open.spotify.com/track/4MzXwWMhyBbmu6hOcLVD49,spotify:track:4MzXwWMhyBbmu6hOcLVD49,0.573,0.731,4,-10.059,0.0544,0.401,5.22e-05,0.113,0.145,109.928,4
TRELLAS,09WAnxdBuebQopKhJT3oZS,157.673,65,https://open.spotify.com/track/09WAnxdBuebQopKhJT3oZS,spotify:track:09WAnxdBuebQopKhJT3oZS,0.412,0.43,2,-5.372,0.0281,0.2,0.0,0.324,0.0508,90.872,4
SORRY PAPI,5jZ32WOU7sqzDYbzINwMUk,163.053,71,https://open.spotify.com/track/5jZ32WOU7sqzDYbzINwMUk,spotify:track:5jZ32WOU7sqzDYbzINwMUk,0.561,0.612,1,-6.054,0.0851,0.0601,0.0,0.145,0.393,191.911,4
120,3KJ3opyV29269SXkPrc19l,151.506,77,https://open.spotify.com/track/3KJ3opyV29269SXkPrc19l,spotify:track:3KJ3opyV29269SXkPrc19l,0.656,0.636,2,-5.542,0.0676,0.451,7.97e-06,0.287,0.439,171.918,4
ANTES QUE SE ACABE,7kjEqI6eZ7YlFrGhxixnlN,221.186,71,https://open.spotify.com/track/7kjEqI6eZ7YlFrGhxixnlN,spotify:track:7kjEqI6eZ7YlFrGhxixnlN,0.549,0.693,2,-6.098,0.0577,0.505,4.73e-05,0.324,0.473,139.988,4
CANTARES DE NAVIDAD,2Iv6YBslkxslMJQsxshZh5,199.72,57,https://open.spotify.com/track/2Iv6YBslkxslMJQsxshZh5,spotify:track:2Iv6YBslkxslMJQsxshZh5,0.523,0.764,2,-7.371,0.0406,0.777,0.0,0.352,0.962,118.671,4
SI ELLA SALE,1zaDh3qaGSeSmulNyWlUxm,143.24,55,https://open.spotify.com/track/1zaDh3qaGSeSmulNyWlUxm,spotify:track:1zaDh3qaGSeSmulNyWlUxm,0.727,0.869,7,-7.397,0.123,0.0589,0.00991,0.107,0.92,147.967,4
MÁS DE UNA CITA,4EJHKSnHENfjOxXWryyNtL,183.52,63,https://open.spotify.com/track/4EJHKSnHENfjOxXWryyNtL,spotify:track:4EJHKSnHENfjOxXWryyNtL,0.5,0.865,5,-10.805,0.0861,0.0122,7.73e-05,0.098,0.317,92.976,4
BYE ME FUI,0FktnzDqjClqU6iqOZVEs2,178.0,68,https://open.spotify.com/track/0FktnzDqjClqU6iqOZVEs2,spotify:track:0FktnzDqjClqU6iqOZVEs2,0.599,0.712,5,-6.342,0.112,0.412,2.15e-05,0.103,0.588,179.788,4
CANCIÓN CON YANDEL,3pm4XtcsRIFFtH2UErk62R,209.18,73,https://open.spotify.com/track/3pm4XtcsRIFFtH2UErk62R,spotify:track:3pm4XtcsRIFFtH2UErk62R,0.741,0.75,9,-4.43,0.402,0.447,0.0,0.121,0.495,79.968,4
PA' ROMPERLA,5XqCz18k96K8tx6DAYM97i,194.2,68,https://open.spotify.com/track/5XqCz18k96K8tx6DAYM97i,spotify:track:5XqCz18k96K8tx6DAYM97i,0.83,0.772,7,-5.019,0.0599,0.016,0.0,0.0843,0.697,94.011,4
BAD CON NICKY,5bmSver2b3ZXyuyLKtgnFI,202.24,64,https://open.spotify.com/track/5bmSver2b3ZXyuyLKtgnFI,spotify:track:5bmSver2b3ZXyuyLKtgnFI,0.729,0.59,7,-4.95,0.0893,0.321,0.0,0.659,0.712,93.094,4
BENDICIONES,2CoMYp2uIKsT09nreEZnZn,155.06,64,https://open.spotify.com/track/2CoMYp2uIKsT09nreEZnZn,spotify:track:2CoMYp2uIKsT09nreEZnZn,0.581,0.828,11,-9.909,0.0725,0.0378,0.0,0.103,0.843,143.995,4
CÓMO SE SIENTE - Remix,6KFjMJJq8UZpfUyDgeH0Yl,227.12,0,https://open.spotify.com/track/6KFjMJJq8UZpfUyDgeH0Yl,spotify:track:6KFjMJJq8UZpfUyDgeH0Yl,0.616,0.813,3,-8.867,0.0773,0.0926,0.0,0.122,0.347,93.0,4
RONCA FREESTYLE,3XZeOzJ9tqnu58YP6cqApI,150.06,60,https://open.spotify.com/track/3XZeOzJ9tqnu58YP6cqApI,spotify:track:3XZeOzJ9tqnu58YP6cqApI,0.656,0.856,5,-6.483,0.131,0.165,0.0,0.0998,0.586,90.041,4
EN CASITA,2DhNdoHxavs7Qtf5MnhZD0,176.44,53,https://open.spotify.com/track/2DhNdoHxavs7Qtf5MnhZD0,spotify:track:2DhNdoHxavs7Qtf5MnhZD0,0.764,0.779,0,-8.217,0.0938,0.221,0.000669,0.0909,0.675,158.093,4
Si Veo a Tu Mamá,41wtwzCZkXwpnakmwJ239F,170.971,79,https://open.spotify.com/track/41wtwzCZkXwpnakmwJ239F,spotify:track:41wtwzCZkXwpnakmwJ239F,0.603,0.9,2,-5.313,0.0646,0.402,4.81e-06,0.134,0.824,129.928,4
La Difícil,6NfrH0ANGmgBXyxgV2PeXt,163.084,78,https://open.spotify.com/track/6NfrH0ANGmgBXyxgV2PeXt,spotify:track:6NfrH0ANGmgBXyxgV2PeXt,0.848,0.685,8,-4.561,0.0858,0.0861,7.14e-06,0.0783,0.761,179.87,4
Pero Ya No,75pQqzwgCjUOSSy5CpmAjy,160.638,70,https://open.spotify.com/track/75pQqzwgCjUOSSy5CpmAjy,spotify:track:75pQqzwgCjUOSSy5CpmAjy,0.612,0.882,4,-6.103,0.118,0.0475,5.07e-06,0.182,0.742,147.982,4
La Santa,69vlMrzHwATKzupwNcUPyK,206.42,82,https://open.spotify.com/track/69vlMrzHwATKzupwNcUPyK,spotify:track:69vlMrzHwATKzupwNcUPyK,0.868,0.744,1,-4.524,0.047,0.0326,0.0,0.0822,0.586,93.037,4
Yo Perreo Sola,0SqqAgdovOE24BzxIClpjw,172.127,76,https://open.spotify.com/track/0SqqAgdovOE24BzxIClpjw,spotify:track:0SqqAgdovOE24BzxIClpjw,0.758,0.86,11,-5.16,0.0695,0.021,6.54e-05,0.344,0.453,97.014,4
Bichiyal,4j4w4CXm6BSr0s25wAWrrX,196.5,75,https://open.spotify.com/track/4j4w4CXm6BSr0s25wAWrrX,spotify:track:4j4w4CXm6BSr0s25wAWrrX,0.766,0.737,10,-4.242,0.0458,0.31,6.63e-06,0.114,0.662,93.956,4
Soliá,7sOfmPd18RWp3FoCzpa7Kw,159.282,75,https://open.spotify.com/track/7sOfmPd18RWp3FoCzpa7Kw,spotify:track:7sOfmPd18RWp3FoCzpa7Kw,0.81,0.71,2,-5.507,0.0854,0.117,0.000132,0.154,0.184,92.041,4
La Zona,5kqNIqFjijuzvVLhuY9B8j,136.892,77,https://open.spotify.com/track/5kqNIqFjijuzvVLhuY9B8j,spotify:track:5kqNIqFjijuzvVLhuY9B8j,0.801,0.762,1,-3.661,0.0409,0.2,7.04e-05,0.254,0.81,93.992,4
Que Malo,53v2u51nq3CxiKUNphRzP1,167.975,76,https://open.spotify.com/track/53v2u51nq3CxiKUNphRzP1,spotify:track:53v2u51nq3CxiKUNphRzP1,0.787,0.802,7,-6.181,0.0599,0.0832,0.0,0.153,0.446,94.026,4
Vete,2n7ohqg1s68ToAHh4u9mcW,192.024,75,https://open.spotify.com/track/2n7ohqg1s68ToAHh4u9mcW,spotify:track:2n7ohqg1s68ToAHh4u9mcW,0.672,0.886,1,-4.394,0.188,0.0363,8.78e-06,0.101,0.526,91.976,4
Ignorantes,38RIEav39FGi86jppxO0du,210.606,72,https://open.spotify.com/track/38RIEav39FGi86jppxO0du,spotify:track:38RIEav39FGi86jppxO0du,0.536,0.85,1,-5.161,0.0599,0.267,3.89e-05,0.0996,0.505,96.029,4
A Tu Merced,4r9jkMEnArtWGH2rL2FZl0,175.918,79,https://open.spotify.com/track/4r9jkMEnArtWGH2rL2FZl0,spotify:track:4r9jkMEnArtWGH2rL2FZl0,0.791,0.86,0,-4.784,0.0568,0.169,0.000106,0.106,0.887,92.023,4
Una Vez,5J7teKIJGtqVypgYI6sqXj,232.496,80,https://open.spotify.com/track/5J7teKIJGtqVypgYI6sqXj,spotify:track:5J7teKIJGtqVypgYI6sqXj,0.598,0.55,11,-5.402,0.0831,0.132,2.58e-06,0.0955,0.543,83.836,4
Safaera,2DEZmgHKAvm41k4J3R2E9Y,295.176,78,https://open.spotify.com/track/2DEZmgHKAvm41k4J3R2E9Y,spotify:track:2DEZmgHKAvm41k4J3R2E9Y,0.829,0.607,2,-4.074,0.379,0.0103,0.0,0.107,0.685,96.172,4
25/8,4NqQaovM14WR2hNPMFxgjb,243.275,71,https://open.spotify.com/track/4NqQaovM14WR2hNPMFxgjb,spotify:track:4NqQaovM14WR2hNPMFxgjb,0.732,0.761,4,-5.469,0.0549,0.092,0.0,0.0716,0.542,151.982,4
Está Cabrón Ser Yo,4saHEjXw7O1NXJOzBkUKKG,227.939,70,https://open.spotify.com/track/4saHEjXw7O1NXJOzBkUKKG,spotify:track:4saHEjXw7O1NXJOzBkUKKG,0.854,0.81,10,-3.999,0.254,0.0732,0.0,0.123,0.879,154.083,4
Puesto Pa' Guerrial,5gCg2qMPzKkW4jS4dBKdDs,190.207,62,https://open.spotify.com/track/5gCg2qMPzKkW4jS4dBKdDs,spotify:track:5gCg2qMPzKkW4jS4dBKdDs,0.686,0.867,4,-5.342,0.221,0.311,0.0,0.1,0.658,139.968,4
P FKN R,0fgsKar6uBO08vzHXkTjWi,258.28,65,https://open.spotify.com/track/0fgsKar6uBO08vzHXkTjWi,spotify:track:0fgsKar6uBO08vzHXkTjWi,0.635,0.82,5,-5.749,0.0772,0.409,0.0,0.244,0.528,101.024,4
Hablamos Mañana,1V8XneTrX6kKeoxYbk4x6h,240.253,72,https://open.spotify.com/track/1V8XneTrX6kKeoxYbk4x6h,spotify:track:1V8XneTrX6kKeoxYbk4x6h,0.677,0.683,1,-4.496,0.0469,0.0869,0.0,0.0998,0.514,156.019,4
<3,4MZSqgwlE71CWZ6qQ3gkKm,157.967,69,https://open.spotify.com/track/4MZSqgwlE71CWZ6qQ3gkKm,spotify:track:4MZSqgwlE71CWZ6qQ3gkKm,0.665,0.631,10,-7.589,0.229,0.602,1.7e-06,0.152,0.634,80.353,4
MOJAITA,71pEiUWwfDFiRO6RmFpnBf,187.333,63,https://open.spotify.com/track/71pEiUWwfDFiRO6RmFpnBf,spotify:track:71pEiUWwfDFiRO6RmFpnBf,0.842,0.45,0,-3.602,0.102,0.0171,0.0,0.377,0.885,172.069,4
YO LE LLEGO,0uIfrUwwg0Z7KTitul7E3T,249.6,61,https://open.spotify.com/track/0uIfrUwwg0Z7KTitul7E3T,spotify:track:0uIfrUwwg0Z7KTitul7E3T,0.792,0.785,9,-4.695,0.0641,0.0104,0.0,0.104,0.528,155.036,4
CUIDAO POR AHÍ,6SYSu569pfYdkDT9A5lZqi,198.32,60,https://open.spotify.com/track/6SYSu569pfYdkDT9A5lZqi,spotify:track:6SYSu569pfYdkDT9A5lZqi,0.813,0.845,4,-2.979,0.077,0.111,0.00241,0.174,0.586,90.98,4
QUE PRETENDES,25ZAibhr3bdlMCLmubZDVt,222.346,80,https://open.spotify.com/track/25ZAibhr3bdlMCLmubZDVt,spotify:track:25ZAibhr3bdlMCLmubZDVt,0.791,0.639,10,-4.443,0.253,0.0275,0.0,0.362,0.939,92.603,4
LA CANCIÓN,0fea68AdmYNygeTGI4RC18,242.573,86,https://open.spotify.com/track/0fea68AdmYNygeTGI4RC18,spotify:track:0fea68AdmYNygeTGI4RC18,0.646,0.754,7,-5.795,0.317,0.152,1.85e-05,0.108,0.429,176.089,4
UN PESO,7hynhxDoDpgMIV12JuVtNa,277.106,81,https://open.spotify.com/track/7hynhxDoDpgMIV12JuVtNa,spotify:track:7hynhxDoDpgMIV12JuVtNa,0.675,0.627,5,-7.125,0.213,0.125,0.0,0.0784,0.961,79.31,4
ODIO,7alOsNr36sJ8CyOEP4aILq,270.4,63,https://open.spotify.com/track/7alOsNr36sJ8CyOEP4aILq,spotify:track:7alOsNr36sJ8CyOEP4aILq,0.698,0.74,6,-3.838,0.0388,0.215,0.0,0.116,0.529,139.99,4
COMO UN BEBÉ,7knLcYCOSaURD0d7HUULFM,218.826,71,https://open.spotify.com/track/7knLcYCOSaURD0d7HUULFM,spotify:track:7knLcYCOSaURD0d7HUULFM,0.807,0.825,6,-5.753,0.0949,0.0732,4.79e-06,0.138,0.816,103.053,4
NI BIEN NI MAL,278kSqsZIiYp8p3QjYAqa8,236.215,71,https://open.spotify.com/track/278kSqsZIiYp8p3QjYAqa8,spotify:track:278kSqsZIiYp8p3QjYAqa8,0.449,0.826,5,-8.33,0.0674,0.556,1.85e-05,0.273,0.337,128.028,4
200 Mph,5jGUJXnELDaDTgiRjD9lsg,170.509,67,https://open.spotify.com/track/5jGUJXnELDaDTgiRjD9lsg,spotify:track:5jGUJXnELDaDTgiRjD9lsg,0.5,0.85,8,-6.708,0.0665,0.0139,0.000384,0.0947,0.816,160.02,4
¿Quien Tu Eres?,6kN06eEOblRAuWI0xUUS91,159.228,62,https://open.spotify.com/track/6kN06eEOblRAuWI0xUUS91,spotify:track:6kN06eEOblRAuWI0xUUS91,0.58,0.727,2,-6.804,0.136,0.185,3.58e-06,0.125,0.325,137.048,4
Caro,6it15CsDlkqB7N4lF0C1qM,229.455,68,https://open.spotify.com/track/6it15CsDlkqB7N4lF0C1qM,spotify:track:6it15CsDlkqB7N4lF0C1qM,0.575,0.651,0,-7.739,0.299,0.627,0.000202,0.0961,0.248,160.007,4
Tenemos Que Hablar,5VQpJ2AY2iMzrRZKgcvNjh,224.512,63,https://open.spotify.com/track/5VQpJ2AY2iMzrRZKgcvNjh,spotify:track:5VQpJ2AY2iMzrRZKgcvNjh,0.512,0.855,11,-8.165,0.0534,0.146,0.000854,0.107,0.144,146.075,4
Otra Noche en Miami,4vCAzANUWDE24URV6wQ4ra,233.128,78,https://open.spotify.com/track/4vCAzANUWDE24URV6wQ4ra,spotify:track:4vCAzANUWDE24URV6wQ4ra,0.646,0.514,1,-8.833,0.275,0.197,2.3e-05,0.0958,0.297,88.661,4
Ser Bichote,4UEuIEv9Wc3wtiWUplGJ7q,193.21,61,https://open.spotify.com/track/4UEuIEv9Wc3wtiWUplGJ7q,spotify:track:4UEuIEv9Wc3wtiWUplGJ7q,0.626,0.785,4,-8.03,0.0675,0.158,4.6e-06,0.181,0.183,154.946,4
Si Estuviésemos Juntos,35wvL50xvKpCHEJPxLOLPI,169.247,83,https://open.spotify.com/track/35wvL50xvKpCHEJPxLOLPI,spotify:track:35wvL50xvKpCHEJPxLOLPI,0.594,0.672,1,-6.813,0.0789,0.0626,5.14e-05,0.152,0.158,171.854,4
Solo de Mi,4uP3pUP18ennmz0tb3GphR,197.967,72,https://open.spotify.com/track/4uP3pUP18ennmz0tb3GphR,spotify:track:4uP3pUP18ennmz0tb3GphR,0.73,0.743,10,-4.314,0.125,0.287,8.1e-05,0.0778,0.15,179.972,4
Cuando Perriabas,5mj8WVFcKdGA8p9HWGTSLc,188.654,64,https://open.spotify.com/track/5mj8WVFcKdGA8p9HWGTSLc,spotify:track:5mj8WVFcKdGA8p9HWGTSLc,0.705,0.787,0,-7.582,0.0695,0.137,1.06e-06,0.108,0.499,81.998,4
La Romana,1khmgu0pveJbkbpbkyvcQv,300.579,75,https://open.spotify.com/track/1khmgu0pveJbkbpbkyvcQv,spotify:track:1khmgu0pveJbkbpbkyvcQv,0.725,0.655,0,-5.497,0.188,0.0327,0.00264,0.0611,0.326,125.8,4
Como Antes,69ZaPBHhRMRDjRpW1ivnOU,230.577,68,https://open.spotify.com/track/69ZaPBHhRMRDjRpW1ivnOU,spotify:track:69ZaPBHhRMRDjRpW1ivnOU,0.379,0.767,0,-10.348,0.0385,0.668,0.000145,0.217,0.252,103.956,4
RLNDT,6pZHZndlo57dPCYnvlYFOE,284.852,67,https://open.spotify.com/track/6pZHZndlo57dPCYnvlYFOE,spotify:track:6pZHZndlo57dPCYnvlYFOE,0.528,0.6,0,-6.554,0.0308,0.263,0.0,0.588,0.142,108.025,4
Estamos Bien,2OWVCFTolecLiGZPquvWvT,208.079,72,https://open.spotify.com/track/2OWVCFTolecLiGZPquvWvT,spotify:track:2OWVCFTolecLiGZPquvWvT,0.536,0.759,9,-6.663,0.173,0.821,4.57e-06,0.107,0.439,119.883,4
MIA,3gE4eQH3K83Sght0ZLvuBK,210.367,79,https://open.spotify.com/track/3gE4eQH3K83Sght0ZLvuBK,spotify:track:3gE4eQH3K83Sght0ZLvuBK,0.538,0.816,6,-6.354,0.0617,0.0142,0.000496,0.099,0.156,97.054,4
UN PREVIEW,63ui2w3QJBp8xx0c1MJB2Z,165.582,86,https://open.spotify.com/track/63ui2w3QJBp8xx0c1MJB2Z,spotify:track:63ui2w3QJBp8xx0c1MJB2Z,0.814,0.786,1,-3.318,0.0873,0.0383,3.67e-05,0.22,0.365,95.084,4
K-POP,5L3ecxQnQ9qTBmnLQiwf0C,185.22,82,https://open.spotify.com/track/5L3ecxQnQ9qTBmnLQiwf0C,spotify:track:5L3ecxQnQ9qTBmnLQiwf0C,0.618,0.814,5,-5.614,0.0619,0.0386,3.34e-06,0.671,0.535,121.075,4
WHERE SHE GOES,7ro0hRteUMfnOioTFI5TG1,231.704,87,https://open.spotify.com/track/7ro0hRteUMfnOioTFI5TG1,spotify:track:7ro0hRteUMfnOioTFI5TG1,0.8,0.652,9,-4.019,0.0614,0.143,0.629,0.112,0.234,143.978,4
un x100to,6pD0ufEQq0xdHSsRbg9LBK,194.563,87,https://open.spotify.com/track/6pD0ufEQq0xdHSsRbg9LBK,spotify:track:6pD0ufEQq0xdHSsRbg9LBK,0.724,0.569,6,-4.076,0.0474,0.228,0.0,0.27,0.562,83.118,4
Gato de Noche,54ELExv56KCAB4UP9cOCzC,227.013,82,https://open.spotify.com/track/54ELExv56KCAB4UP9cOCzC,spotify:track:54ELExv56KCAB4UP9cOCzC,0.662,0.892,8,-3.894,0.162,0.169,1.24e-06,0.363,0.607,93.976,4
La Jumpa,5MxFWjuqQIsbNWbMdMdbli,255.693,79,https://open.spotify.com/track/5MxFWjuqQIsbNWbMdMdbli,spotify:track:5MxFWjuqQIsbNWbMdMdbli,0.703,0.713,8,-5.769,0.194,0.298,0.0,0.321,0.576,123.06,4
Lo Siento BB:/ (with Bad Bunny & Julieta Venegas),4gzsuuZypVbxs0Af1LSZyB,207.301,77,https://open.spotify.com/track/4gzsuuZypVbxs0Af1LSZyB,spotify:track:4gzsuuZypVbxs0Af1LSZyB,0.703,0.639,4,-6.33,0.0794,0.0889,1.78e-06,0.0865,0.138,169.888,4
Volví,2vmfvSoZBFAt9hhRoEByLi,230.125,80,https://open.spotify.com/track/2vmfvSoZBFAt9hhRoEByLi,spotify:track:2vmfvSoZBFAt9hhRoEByLi,0.86,0.725,1,-3.726,0.182,0.422,0.000284,0.0674,0.791,175.896,4
Volando - Remix,0G2zPzWqVjR68iNPmx2TBe,273.474,79,https://open.spotify.com/track/0G2zPzWqVjR68iNPmx2TBe,spotify:track:0G2zPzWqVjR68iNPmx2TBe,0.688,0.659,6,-4.649,0.0673,0.207,0.0,0.113,0.632,153.979,4
De Museo,267NGliXM8YLVZiKAD9Otm,209.77,65,https://open.spotify.com/track/267NGliXM8YLVZiKAD9Otm,spotify:track:267NGliXM8YLVZiKAD9Otm,0.494,0.592,4,-10.618,0.0747,0.237,0.0,0.13,0.231,132.037,4
AM Remix,05bfbizlM5AX6Mf1RRyMho,261.334,74,https://open.spotify.com/track/05bfbizlM5AX6Mf1RRyMho,spotify:track:05bfbizlM5AX6Mf1RRyMho,0.655,0.743,6,-5.015,0.159,0.114,0.0,0.0764,0.785,172.031,4
Yonaguni,2JPLbjOn0wPCngEot2STUS,206.71,82,https://open.spotify.com/track/2JPLbjOn0wPCngEot2STUS,spotify:track:2JPLbjOn0wPCngEot2STUS,0.648,0.644,1,-4.601,0.118,0.276,0.0,0.135,0.44,179.951,4
100 MILLONES,4Ixc50wY5pbUvNEogTQ2wL,237.459,65,https://open.spotify.com/track/4Ixc50wY5pbUvNEogTQ2wL,spotify:track:4Ixc50wY5pbUvNEogTQ2wL,0.559,0.808,1,-6.936,0.452,0.133,6.57e-06,0.0966,0.48,169.103,4
BICHOTAG,5CQXesQM39J0CBnY0Npp6S,133.977,69,https://open.spotify.com/track/5CQXesQM39J0CBnY0Npp6S,spotify:track:5CQXesQM39J0CBnY0Npp6S,0.411,0.763,5,-8.339,0.211,0.0594,5.35e-05,0.0912,0.461,75.029,4
OKI DOKI,601dhwn8qc31FrSlMu5wEf,143.789,83,https://open.spotify.com/track/601dhwn8qc31FrSlMu5wEf,spotify:track:601dhwn8qc31FrSlMu5wEf,0.753,0.835,2,-4.167,0.0521,0.204,0.000186,0.384,0.583,105.982,4
MI EX TENÍA RAZÓN,7mLPSkAJraASgNk6ywyTkp,154.374,81,https://open.spotify.com/track/7mLPSkAJraASgNk6ywyTkp,spotify:track:7mLPSkAJraASgNk6ywyTkp,0.725,0.634,0,-4.88,0.0577,0.0754,0.0,0.208,0.845,159.898,4
S91,6NlJtxTYtt0b8tY2IAZDAV,173.005,70,https://open.spotify.com/track/6NlJtxTYtt0b8tY2IAZDAV,spotify:track:6NlJtxTYtt0b8tY2IAZDAV,0.72,0.856,0,-4.946,0.215,0.631,1.33e-05,0.0901,0.385,128.155,4
QLONA,3XB5uhhlYSnkxpSihkNQwh,172.797,88,https://open.spotify.com/track/3XB5uhhlYSnkxpSihkNQwh,spotify:track:3XB5uhhlYSnkxpSihkNQwh,0.756,0.842,7,-7.409,0.338,0.525,2.21e-06,0.0871,0.421,169.925,4
UNA NOCHE EN MEDELLÍN - REMIX,6ejks4eS7DOoYW8hrpRcDV,205.144,80,https://open.spotify.com/track/6ejks4eS7DOoYW8hrpRcDV,spotify:track:6ejks4eS7DOoYW8hrpRcDV,0.764,0.843,10,-2.494,0.0741,0.0356,0.0,0.0448,0.872,96.025,4
ME TENGO QUE IR,5AwdJhVYK64TDpfdRa1DyN,276.904,70,https://open.spotify.com/track/5AwdJhVYK64TDpfdRa1DyN,spotify:track:5AwdJhVYK64TDpfdRa1DyN,0.632,0.772,3,-5.103,0.0317,0.231,0.00609,0.114,0.753,136.978,4
GATITA GANGSTER,7gUtEoYJcPnhF4bJAJ3O8q,170.92,70,https://open.spotify.com/track/7gUtEoYJcPnhF4bJAJ3O8q,spotify:track:7gUtEoYJcPnhF4bJAJ3O8q,0.548,0.843,10,-5.153,0.124,0.156,1.55e-06,0.0957,0.509,96.963,4
DISPO,4iGQ8o9Ih6J1OuDDGCXSCL,193.961,81,https://open.spotify.com/track/4iGQ8o9Ih6J1OuDDGCXSCL,spotify:track:4iGQ8o9Ih6J1OuDDGCXSCL,0.64,0.832,0,-3.085,0.0483,0.466,0.0,0.123,0.645,93.946,4
PROVENZA - REMIX,7DmP5W2DbhXC7uKYbYXtIm,187.67,66,https://open.spotify.com/track/7DmP5W2DbhXC7uKYbYXtIm,spotify:track:7DmP5W2DbhXC7uKYbYXtIm,0.871,0.778,1,-3.179,0.0413,0.00528,0.000337,0.138,0.555,128.016,4
MIENTRAS ME CURO DEL CORA,6otePxalBK8AVa20xhZYVQ,164.386,85,https://open.spotify.com/track/6otePxalBK8AVa20xhZYVQ,spotify:track:6otePxalBK8AVa20xhZYVQ,0.477,0.523,0,-6.786,0.392,0.855,0.0,0.146,0.57,79.921,4
X SI VOLVEMOS,4NoOME4Dhf4xgxbHDT7VGe,200.12,84,https://open.spotify.com/track/4NoOME4Dhf4xgxbHDT7VGe,spotify:track:4NoOME4Dhf4xgxbHDT7VGe,0.807,0.794,1,-3.447,0.326,0.334,0.0,0.104,0.575,178.003,4
PERO TÚ,1dw7qShk971xMD6r6mA4VN,183.48,79,https://open.spotify.com/track/1dw7qShk971xMD6r6mA4VN,spotify:track:1dw7qShk971xMD6r6mA4VN,0.79,0.861,6,-4.561,0.291,0.394,0.0,0.111,0.681,139.845,4
BESTIES,7eTv2OTr3aY5iKtFdBusoA,162.146,72,https://open.spotify.com/track/7eTv2OTr3aY5iKtFdBusoA,spotify:track:7eTv2OTr3aY5iKtFdBusoA,0.825,0.779,1,-3.366,0.306,0.146,0.0,0.0989,0.654,171.926,4
GUCCI LOS PAÑOS,3CNbrXrUrEARw8zeKNCdYo,186.453,75,https://open.spotify.com/track/3CNbrXrUrEARw8zeKNCdYo,spotify:track:3CNbrXrUrEARw8zeKNCdYo,0.45,0.791,2,-3.001,0.0393,0.542,0.0,0.185,0.87,157.953,3
TQG,0DWdj2oZMBFSzRsi2Cvfzf,197.933,89,https://open.spotify.com/track/0DWdj2oZMBFSzRsi2Cvfzf,spotify:track:0DWdj2oZMBFSzRsi2Cvfzf,0.63,0.72,4,-3.547,0.277,0.673,0.0,0.0936,0.607,179.974,4
TUS GAFITAS,3gOI5aQD4mOMLsP3aWrkon,167.786,73,https://open.spotify.com/track/3gOI5aQD4mOMLsP3aWrkon,spotify:track:3gOI5aQD4mOMLsP3aWrkon,0.696,0.821,8,-5.796,0.043,0.315,1.07e-05,0.157,0.566,122.005,4
OJOS FERRARI,5yAIrkplUEpMNeojW8Q30o,180.04,71,https://open.spotify.com/track/5yAIrkplUEpMNeojW8Q30o,spotify:track:5yAIrkplUEpMNeojW8Q30o,0.707,0.9,1,-2.792,0.0934,0.161,4.25e-05,0.176,0.634,124.042,4
MERCURIO,6KCvMsAiL6WseKEFsWoPgc,160.426,68,https://open.spotify.com/track/6KCvMsAiL6WseKEFsWoPgc,spotify:track:6KCvMsAiL6WseKEFsWoPgc,0.67,0.879,11,-4.55,0.0975,0.526,0.0,0.123,0.62,139.996,4
GATÚBELA,6Vn1vje8yMw2OY6IOk9dkH,208.013,74,https://open.spotify.com/track/6Vn1vje8yMw2OY6IOk9dkH,spotify:track:6Vn1vje8yMw2OY6IOk9dkH,0.859,0.853,11,-2.68,0.306,0.257,0.0,0.172,0.325,95.131,4
KÁRMIKA,3mFNc5EQn30irR983Wg9OD,236.586,73,https://open.spotify.com/track/3mFNc5EQn30irR983Wg9OD,spotify:track:3mFNc5EQn30irR983Wg9OD,0.64,0.876,6,-5.264,0.392,0.468,0.0,0.143,0.729,97.169,4
PROVENZA,3HqcNJdZ2seoGxhn0wVNDK,207.626,85,https://open.spotify.com/track/3HqcNJdZ2seoGxhn0wVNDK,spotify:track:3HqcNJdZ2seoGxhn0wVNDK,0.517,0.87,1,-7.918,0.0475,0.576,0.00553,0.11,0.54,111.002,4
CAROLINA,3goYw6YHoCjA1sfBzpdgzH,162.093,73,https://open.spotify.com/track/3goYw6YHoCjA1sfBzpdgzH,spotify:track:3goYw6YHoCjA1sfBzpdgzH,0.747,0.699,1,-4.182,0.301,0.486,0.00363,0.111,0.737,82.982,4
DAÑAMOS LA AMISTAD,3jUDqkHatwtprUmZ8epP8P,174.96,67,https://open.spotify.com/track/3jUDqkHatwtprUmZ8epP8P,spotify:track:3jUDqkHatwtprUmZ8epP8P,0.786,0.758,0,-4.847,0.0928,0.167,8.46e-06,0.0705,0.592,92.984,4
AMARGURA,505v13epFXodT9fVAJ6h8k,170.48,90,https://open.spotify.com/track/505v13epFXodT9fVAJ6h8k,spotify:track:505v13epFXodT9fVAJ6h8k,0.696,0.92,6,-3.356,0.0742,0.183,0.0,0.149,0.545,106.966,4
CAIRO,16dUQ4quIHDe4ZZ0wF1EMN,198.666,80,https://open.spotify.com/track/16dUQ4quIHDe4ZZ0wF1EMN,spotify:track:16dUQ4quIHDe4ZZ0wF1EMN,0.677,0.957,5,-3.979,0.292,0.483,0.000438,0.0961,0.469,115.0,4
MAÑANA SERÁ BONITO,4bycD60yZgR6anIBtmU8UH,210.986,76,https://open.spotify.com/track/4bycD60yZgR6anIBtmU8UH,spotify:track:4bycD60yZgR6anIBtmU8UH,0.715,0.777,8,-4.569,0.0874,0.455,3.5e-05,0.326,0.245,92.006,4
DÉJALOS QUE MIREN,1gDN23O2aqeWX5NqjSnAbV,167.773,56,https://open.spotify.com/track/1gDN23O2aqeWX5NqjSnAbV,spotify:track:1gDN23O2aqeWX5NqjSnAbV,0.578,0.843,6,-4.377,0.0914,0.695,0.000167,0.141,0.871,151.928,4
EL MAKINON,2FSGUA0gFgGeQdprjtGM2M,209.16,79,https://open.spotify.com/track/2FSGUA0gFgGeQdprjtGM2M,spotify:track:2FSGUA0gFgGeQdprjtGM2M,0.706,0.635,5,-3.224,0.125,0.256,0.0,0.108,0.443,88.863,4
200 COPAS,0aZnyTWJNgdzYoOiaW8HKG,217.213,77,https://open.spotify.com/track/0aZnyTWJNgdzYoOiaW8HKG,spotify:track:0aZnyTWJNgdzYoOiaW8HKG,0.704,0.515,9,-5.25,0.206,0.767,0.0,0.415,0.885,91.246,3
CONTIGO VOY A MUERTE,615XWyY2RPfk3iuYcU6qvi,219.96,76,https://open.spotify.com/track/615XWyY2RPfk3iuYcU6qvi,spotify:track:615XWyY2RPfk3iuYcU6qvi,0.853,0.77,11,-2.593,0.0484,0.2,3.85e-06,0.0627,0.781,82.994,4
DVD,2Uk2XAamvFG6AecKgayLKU,198.973,56,https://open.spotify.com/track/2Uk2XAamvFG6AecKgayLKU,spotify:track:2Uk2XAamvFG6AecKgayLKU,0.785,0.777,6,-4.145,0.263,0.04,1.6e-05,0.35,0.512,164.018,4
EL BARCO,0MT6qJd7wKlWjH7tP7oWHi,203.506,80,https://open.spotify.com/track/0MT6qJd7wKlWjH7tP7oWHi,spotify:track:0MT6qJd7wKlWjH7tP7oWHi,0.849,0.85,8,-3.436,0.0437,0.611,0.000193,0.329,0.92,143.975,4
LOCATION,478g4LSkyMB1PMkVOVmIaE,263.013,59,https://open.spotify.com/track/478g4LSkyMB1PMkVOVmIaE,spotify:track:478g4LSkyMB1PMkVOVmIaE,0.765,0.771,1,-3.887,0.0508,0.0487,0.0,0.313,0.66,115.984,4
GATO MALO,7wy5kv4fYAsR9qFxKKZC5E,225.173,62,https://open.spotify.com/track/7wy5kv4fYAsR9qFxKKZC5E,spotify:track:7wy5kv4fYAsR9qFxKKZC5E,0.59,0.873,4,-4.247,0.197,0.353,0.0,0.0977,0.523,111.994,4
ODISEA,1lyT9DtXlF7bjiwEurRpRU,223.666,53,https://open.spotify.com/track/1lyT9DtXlF7bjiwEurRpRU,spotify:track:1lyT9DtXlF7bjiwEurRpRU,0.902,0.726,9,-2.3,0.0712,0.135,3.22e-05,0.108,0.415,175.919,4
BICHOTA,1WvrDdouh6C51In1SdATbq,178.693,73,https://open.spotify.com/track/1WvrDdouh6C51In1SdATbq,spotify:track:1WvrDdouh6C51In1SdATbq,0.658,0.864,1,-4.105,0.154,0.204,0.000626,0.105,0.865,163.922,4
SOLA ES MEJOR,6b5LFS96QBt4qJ5Yd3tfqm,200.146,67,https://open.spotify.com/track/6b5LFS96QBt4qJ5Yd3tfqm,spotify:track:6b5LFS96QBt4qJ5Yd3tfqm,0.788,0.79,11,-3.743,0.0843,0.078,0.00015,0.0665,0.695,160.048,4
ARRANCA PAL CARAJO,2LRI27CycRpNInbdM8AFLI,246.76,49,https://open.spotify.com/track/2LRI27CycRpNInbdM8AFLI,spotify:track:2LRI27CycRpNInbdM8AFLI,0.827,0.819,1,-3.032,0.182,0.0765,0.0,0.206,0.744,160.143,4
"Ay, DiOs Mío!",1beTDCe7sT7fzm8WIKXicz,189.413,69,https://open.spotify.com/track/1beTDCe7sT7fzm8WIKXicz,spotify:track:1beTDCe7sT7fzm8WIKXicz,0.708,0.717,11,-4.395,0.19,0.511,0.00101,0.106,0.518,180.001,4
BEAUTIFUL BOY,50dG65XY5SNFkpFl2xA5Dn,197.333,50,https://open.spotify.com/track/50dG65XY5SNFkpFl2xA5Dn,spotify:track:50dG65XY5SNFkpFl2xA5Dn,0.631,0.823,11,-5.249,0.0976,0.268,0.0,0.23,0.642,103.002,4
Tusa,0dKg2vGC1hFqcK5LGTaKzX,201.92,71,https://open.spotify.com/track/0dKg2vGC1hFqcK5LGTaKzX,spotify:track:0dKg2vGC1hFqcK5LGTaKzX,0.701,0.799,2,-3.272,0.282,0.309,7.36e-05,0.0514,0.607,100.946,4
LEYENDAS,5vQy9fwVJTeLsaX9IOpCcp,352.093,63,https://open.spotify.com/track/5vQy9fwVJTeLsaX9IOpCcp,spotify:track:5vQy9fwVJTeLsaX9IOpCcp,0.784,0.554,1,-5.459,0.113,0.0607,0.0,0.301,0.61,96.699,4
Ocean,6qoIFQfdmaQF9A1gb67tR7,155.946,75,https://open.spotify.com/track/6qoIFQfdmaQF9A1gb67tR7,spotify:track:6qoIFQfdmaQF9A1gb67tR7,0.482,0.727,11,-6.193,0.115,0.933,0.0,0.388,0.487,74.93,4
Punto G,2E82gORVSA7UMEz5M1IP3b,183.16,57,https://open.spotify.com/track/2E82gORVSA7UMEz5M1IP3b,spotify:track:2E82gORVSA7UMEz5M1IP3b,0.746,0.791,6,-4.716,0.0907,0.00938,0.000117,0.125,0.905,165.994,4
Love With A Quality,6F9DPkjP6Tbz9FLgLyYgX6,223.76,56,https://open.spotify.com/track/6F9DPkjP6Tbz9FLgLyYgX6,spotify:track:6F9DPkjP6Tbz9FLgLyYgX6,0.752,0.849,4,-3.756,0.146,0.0646,3.15e-06,0.106,0.586,101.018,4
Baby,1eRdeUgwXTHexTTY7kqPS4,240.013,49,https://open.spotify.com/track/1eRdeUgwXTHexTTY7kqPS4,spotify:track:1eRdeUgwXTHexTTY7kqPS4,0.682,0.713,7,-5.852,0.0555,0.164,0.0,0.113,0.489,160.503,4
Sin Corazón,690JwCXepkfh98mSMxCrrd,171.2,50,https://open.spotify.com/track/690JwCXepkfh98mSMxCrrd,spotify:track:690JwCXepkfh98mSMxCrrd,0.766,0.8,10,-4.625,0.0553,0.242,6.96e-06,0.11,0.657,141.936,4
Dices Que Te Vas,0QHOIQxRlIPYPJ1HLgIN8S,202.053,62,https://open.spotify.com/track/0QHOIQxRlIPYPJ1HLgIN8S,spotify:track:0QHOIQxRlIPYPJ1HLgIN8S,0.287,0.506,7,-10.009,0.0643,0.861,0.0,0.605,0.57,147.076,4
Pineapple,24SkzbH7hGhUvqIaKlJ1TY,180.96,70,https://open.spotify.com/track/24SkzbH7hGhUvqIaKlJ1TY,spotify:track:24SkzbH7hGhUvqIaKlJ1TY,0.664,0.778,4,-4.627,0.083,0.0399,1.95e-06,0.31,0.657,94.951,4
La Vida Continuó,6NUDfOCXlQT0RIuYJCXbfe,167.253,66,https://open.spotify.com/track/6NUDfOCXlQT0RIuYJCXbfe,spotify:track:6NUDfOCXlQT0RIuYJCXbfe,0.834,0.808,6,-3.141,0.183,0.279,0.0,0.0321,0.76,153.95,4
Bebesita,69XHHNUwwgm7I0dlfqaGJS,185.053,52,https://open.spotify.com/track/69XHHNUwwgm7I0dlfqaGJS,spotify:track:69XHHNUwwgm7I0dlfqaGJS,0.826,0.714,7,-3.897,0.0385,0.319,1.6e-05,0.216,0.742,91.997,4
Culpables,4RGKft6YTTWHjpQeRIInuS,228.96,66,https://open.spotify.com/track/4RGKft6YTTWHjpQeRIInuS,spotify:track:4RGKft6YTTWHjpQeRIInuS,0.812,0.728,8,-3.017,0.0833,0.287,2.9e-06,0.13,0.418,130.029,4
Mi Cama,3fFMAZtSAK5YQ3Zdl3EE4Q,149.106,61,https://open.spotify.com/track/3fFMAZtSAK5YQ3Zdl3EE4Q,spotify:track:3fFMAZtSAK5YQ3Zdl3EE4Q,0.812,0.832,9,-4.777,0.0885,0.216,6.77e-05,0.0978,0.658,163.076,4
La Ocasión Perfecta,0Y0QTT6W7zRVKv9hWdYkCg,222.693,48,https://open.spotify.com/track/0Y0QTT6W7zRVKv9hWdYkCg,spotify:track:0Y0QTT6W7zRVKv9hWdYkCg,0.621,0.876,1,-5.071,0.0564,0.0421,1.11e-06,0.0858,0.497,132.948,4
Créeme,4EKZsrsCKyqr64FBHLc0DU,214.293,71,https://open.spotify.com/track/4EKZsrsCKyqr64FBHLc0DU,spotify:track:4EKZsrsCKyqr64FBHLc0DU,0.874,0.715,6,-3.576,0.0548,0.126,0.000162,0.105,0.652,96.995,4
Go Karo,75myWkNUTahMKBbP6xCOlt,149.866,47,https://open.spotify.com/track/75myWkNUTahMKBbP6xCOlt,spotify:track:75myWkNUTahMKBbP6xCOlt,0.727,0.746,9,-3.342,0.0639,0.0465,1.02e-06,0.0793,0.826,93.037,4
Mi Cama - Remix,5yV2jwp1AZnulVkiWEorq7,197.053,52,https://open.spotify.com/track/5yV2jwp1AZnulVkiWEorq7,spotify:track:5yV2jwp1AZnulVkiWEorq7,0.78,0.817,9,-4.521,0.0765,0.299,0.0,0.0977,0.797,162.978,4
Yo Aprendí,0VU7mSqoaNxseitmR4chF5,185.906,46,https://open.spotify.com/track/0VU7mSqoaNxseitmR4chF5,spotify:track:0VU7mSqoaNxseitmR4chF5,0.75,0.703,6,-3.568,0.348,0.342,0.0,0.108,0.86,90.135,4
Ganas De Ti,6Kbl5FRBRRZhjbv5FoXe3w,167.56,46,https://open.spotify.com/track/6Kbl5FRBRRZhjbv5FoXe3w,spotify:track:6Kbl5FRBRRZhjbv5FoXe3w,0.666,0.831,3,-7.214,0.126,0.0364,3.32e-06,0.104,0.295,106.007,4
La Dama,78mpFgPXtqFccYQpSTNRX6,208.4,51,https://open.spotify.com/track/78mpFgPXtqFccYQpSTNRX6,spotify:track:78mpFgPXtqFccYQpSTNRX6,0.777,0.845,8,-5.854,0.188,0.121,0.000145,0.0921,0.732,100.01,4
Hello,2RK7wvV1U6BU5siw4vhXN7,195.04,54,https://open.spotify.com/track/2RK7wvV1U6BU5siw4vhXN7,spotify:track:2RK7wvV1U6BU5siw4vhXN7,0.823,0.803,7,-4.722,0.056,0.458,3.61e-05,0.0924,0.836,94.988,4
El Pecado,4M1dVJegubckrFNGGfcbrE,191.586,45,https://open.spotify.com/track/4M1dVJegubckrFNGGfcbrE,spotify:track:4M1dVJegubckrFNGGfcbrE,0.57,0.864,11,-6.284,0.0838,0.0159,0.0,0.0993,0.395,118.963,4
A Solas,2yKJmfi2tvRJQ6elMxDmzv,200.733,47,https://open.spotify.com/track/2yKJmfi2tvRJQ6elMxDmzv,spotify:track:2yKJmfi2tvRJQ6elMxDmzv,0.786,0.743,0,-4.032,0.0407,0.165,0.0,0.203,0.721,94.004,4
Ahora Me Llama,0alSPoUfrGb0RdVVG4Lf3n,235.226,74,https://open.spotify.com/track/0alSPoUfrGb0RdVVG4Lf3n,spotify:track:0alSPoUfrGb0RdVVG4Lf3n,0.573,0.646,7,-5.716,0.041,0.00949,3.98e-05,0.0932,0.109,134.979,4
Eres Mi Todo,229NpRywpBdKErmKM2ctz2,187.466,48,https://open.spotify.com/track/229NpRywpBdKErmKM2ctz2,spotify:track:229NpRywpBdKErmKM2ctz2,0.724,0.793,11,-5.734,0.0467,0.341,0.00145,0.153,0.545,95.006,4
Amor No Hay,4NO3qKhMYw9XjD7TAPQGUR,202.746,44,https://open.spotify.com/track/4NO3qKhMYw9XjD7TAPQGUR,spotify:track:4NO3qKhMYw9XjD7TAPQGUR,0.734,0.538,11,-7.541,0.279,0.0203,0.0,0.369,0.573,168.244,4
A Ella,1pkMzGqBBS10nDiiYrNGGJ,198.906,79,https://open.spotify.com/track/1pkMzGqBBS10nDiiYrNGGJ,spotify:track:1pkMzGqBBS10nDiiYrNGGJ,0.759,0.735,2,-5.354,0.193,0.242,1.96e-05,0.15,0.598,181.902,4
Muñeco De Lego,1PuBKZbBeFWc9uVvUjUuOW,164.32,50,https://open.spotify.com/track/1PuBKZbBeFWc9uVvUjUuOW,spotify:track:1PuBKZbBeFWc9uVvUjUuOW,0.617,0.782,0,-7.874,0.159,0.265,0.0,0.14,0.534,143.983,4
Casi Nada,7p7erLN6ursMA8uvWiXj7Z,218.826,50,https://open.spotify.com/track/7p7erLN6ursMA8uvWiXj7Z,spotify:track:7p7erLN6ursMA8uvWiXj7Z,0.83,0.729,1,-3.192,0.037,0.117,6.42e-05,0.0845,0.631,98.054,4
Lo Sabe Dios,3lbSlSHXPFThany9iJxRrV,147.386,70,https://open.spotify.com/track/3lbSlSHXPFThany9iJxRrV,spotify:track:3lbSlSHXPFThany9iJxRrV,0.378,0.587,4,-8.003,0.0583,0.879,0.0,0.132,0.675,83.821,4
Ahora Me Llama - Remix,5K5mnE8uQnf9zIEX7ojdoq,251.786,52,https://open.spotify.com/track/5K5mnE8uQnf9zIEX7ojdoq,spotify:track:5K5mnE8uQnf9zIEX7ojdoq,0.613,0.668,0,-7.05,0.0421,0.0433,4.49e-05,0.139,0.218,135.034,4
Labios Mordidos (with KAROL G),1HLaJowFbNM3MPyqnk5vjW,195.373,83,https://open.spotify.com/track/1HLaJowFbNM3MPyqnk5vjW,spotify:track:1HLaJowFbNM3MPyqnk5vjW,0.886,0.715,0,-4.446,0.0421,0.287,0.000165,0.329,0.748,90.005,4
UNA NOCHE EN MEDELLÍN - REMIX,0Kp9Q3Wii4qO7AGHB2YuIp,205.144,52,https://open.spotify.com/track/0Kp9Q3Wii4qO7AGHB2YuIp,spotify:track:0Kp9Q3Wii4qO7AGHB2YuIp,0.765,0.846,10,-2.461,0.0761,0.0346,0.0,0.0451,0.887,96.042,4
QLONA,5gUysq7aO7v7EcV5kQWgeh,172.797,65,https://open.spotify.com/track/5gUysq7aO7v7EcV5kQWgeh,spotify:track:5gUysq7aO7v7EcV5kQWgeh,0.741,0.843,7,-7.486,0.293,0.541,1.88e-06,0.0879,0.45,169.933,4
DISPO,7c8gbGEhFEMnLHOFO2gbUd,193.961,53,https://open.spotify.com/track/7c8gbGEhFEMnLHOFO2gbUd,spotify:track:7c8gbGEhFEMnLHOFO2gbUd,0.626,0.842,0,-3.105,0.0472,0.435,0.0,0.127,0.621,93.994,4
S91,7EpOXgSRgnglRWr86pZfGU,173.005,80,https://open.spotify.com/track/7EpOXgSRgnglRWr86pZfGU,spotify:track:7EpOXgSRgnglRWr86pZfGU,0.719,0.856,0,-4.923,0.194,0.587,2.89e-05,0.09,0.417,128.161,4
WATATI (feat. Aldo Ranks) [From Barbie The Album],6MZi5j60L80SZLBxN0bv8s,166.882,75,https://open.spotify.com/track/6MZi5j60L80SZLBxN0bv8s,spotify:track:6MZi5j60L80SZLBxN0bv8s,0.851,0.893,3,-5.342,0.0979,0.145,6.49e-05,0.319,0.959,110.002,4
AMARGURA,0sTYyWXP6DUJ0032QvZ8i6,170.906,62,https://open.spotify.com/track/0sTYyWXP6DUJ0032QvZ8i6,spotify:track:0sTYyWXP6DUJ0032QvZ8i6,0.704,0.921,6,-3.396,0.0735,0.172,0.0,0.175,0.519,106.989,4
TQG,2oMjKuKUEJFuLiVmTq7Vjx,198.36,75,https://open.spotify.com/track/2oMjKuKUEJFuLiVmTq7Vjx,spotify:track:2oMjKuKUEJFuLiVmTq7Vjx,0.65,0.839,4,-3.38,0.212,0.666,0.0,0.126,0.7,90.015,4
PERO TÚ,4QpoPO2Z9xqESwEsfTjaLj,183.906,64,https://open.spotify.com/track/4QpoPO2Z9xqESwEsfTjaLj,spotify:track:4QpoPO2Z9xqESwEsfTjaLj,0.782,0.867,6,-4.562,0.293,0.406,0.0,0.108,0.685,139.893,4
OJOS FERRARI,2PRmf1sl1EV0zceL9dbvxE,180.466,59,https://open.spotify.com/track/2PRmf1sl1EV0zceL9dbvxE,spotify:track:2PRmf1sl1EV0zceL9dbvxE,0.711,0.899,1,-2.78,0.0901,0.159,4.49e-05,0.138,0.647,124.081,4
MAÑANA SERÁ BONITO,5mOQ1AIC0MXzQ26a46ucOF,211.4,49,https://open.spotify.com/track/5mOQ1AIC0MXzQ26a46ucOF,spotify:track:5mOQ1AIC0MXzQ26a46ucOF,0.726,0.77,8,-4.546,0.116,0.428,1.5e-05,0.321,0.238,91.992,4
KÁRMIKA,7rrWh2XIse8URW74454keQ,237.013,60,https://open.spotify.com/track/7rrWh2XIse8URW74454keQ,spotify:track:7rrWh2XIse8URW74454keQ,0.65,0.872,6,-5.248,0.373,0.466,0.0,0.127,0.732,97.077,4
DAÑAMOS LA AMISTAD,0mCBgI8c86M0v84lY9fQhW,175.386,50,https://open.spotify.com/track/0mCBgI8c86M0v84lY9fQhW,spotify:track:0mCBgI8c86M0v84lY9fQhW,0.779,0.796,0,-4.874,0.0888,0.16,5.78e-06,0.0813,0.601,92.968,4
X SI VOLVEMOS,3Zyk5Vd9WNPNVWxvb0EZTk,203.36,73,https://open.spotify.com/track/3Zyk5Vd9WNPNVWxvb0EZTk,spotify:track:3Zyk5Vd9WNPNVWxvb0EZTk,0.78,0.793,1,-4.247,0.249,0.341,0.0,0.111,0.576,178.046,4
La Vida Es Una (From Puss in Boots: The Last Wish),35HgzqAoEZ28Ovq7kb9nDz,189.838,69,https://open.spotify.com/track/35HgzqAoEZ28Ovq7kb9nDz,spotify:track:35HgzqAoEZ28Ovq7kb9nDz,0.777,0.819,10,-7.156,0.0513,0.0708,0.000358,0.0973,0.625,109.979,4
PLAYA SATURNO INTRO,2M3GwgWQ2Z0swHkap5gWCm,75.415,60,https://open.spotify.com/track/2M3GwgWQ2Z0swHkap5gWCm,spotify:track:2M3GwgWQ2Z0swHkap5gWCm,0.322,0.53,1,-10.105,0.0532,0.869,1.69e-05,0.355,0.608,85.757,4
CUANDO BAJE EL SOL,4OVHxReloGwGriqVFF2M79,166.739,70,https://open.spotify.com/track/4OVHxReloGwGriqVFF2M79,spotify:track:4OVHxReloGwGriqVFF2M79,0.756,0.794,9,-2.4,0.0641,0.327,0.0,0.334,0.568,99.977,4
AL CALLAO',110wwp2SRousmXjvx8zIoI,242.819,78,https://open.spotify.com/track/110wwp2SRousmXjvx8zIoI,spotify:track:110wwp2SRousmXjvx8zIoI,0.682,0.688,11,-3.836,0.247,0.284,1.67e-06,0.11,0.709,104.992,4
CUKI,3tYDYSZU2Wn7zudbFEJeko,165.714,67,https://open.spotify.com/track/3tYDYSZU2Wn7zudbFEJeko,spotify:track:3tYDYSZU2Wn7zudbFEJeko,0.809,0.767,8,-4.155,0.0439,0.057,0.00028,0.142,0.415,99.969,4
NO ME LA MOLESTE,2BuCjLttbLSiPx8sJKBt9b,221.607,65,https://open.spotify.com/track/2BuCjLttbLSiPx8sJKBt9b,spotify:track:2BuCjLttbLSiPx8sJKBt9b,0.821,0.813,1,-2.871,0.0851,0.444,0.00455,0.137,0.847,91.009,4
PICARDÍA,05OnZaYopHpb0z7ktT2FIF,215.172,77,https://open.spotify.com/track/05OnZaYopHpb0z7ktT2FIF,spotify:track:05OnZaYopHpb0z7ktT2FIF,0.655,0.617,2,-3.616,0.17,0.0934,6.17e-06,0.487,0.626,173.891,4
PONTE NASTY,1cNJ9ODOJF8b6AjhzoYdkv,242.908,66,https://open.spotify.com/track/1cNJ9ODOJF8b6AjhzoYdkv,spotify:track:1cNJ9ODOJF8b6AjhzoYdkv,0.866,0.511,7,-2.941,0.33,0.241,0.0,0.128,0.582,90.85,4
INQUIETO,4TL3dMZzEQZxVyZTfeRlav,222.0,65,https://open.spotify.com/track/4TL3dMZzEQZxVyZTfeRlav,spotify:track:4TL3dMZzEQZxVyZTfeRlav,0.644,0.798,1,-3.823,0.147,0.27,7.05e-05,0.0914,0.693,89.013,4
HOY AQUÍ,2jMt8GoQ4RGxAIMvWJyWeL,187.826,71,https://open.spotify.com/track/2jMt8GoQ4RGxAIMvWJyWeL,spotify:track:2jMt8GoQ4RGxAIMvWJyWeL,0.776,0.758,3,-2.224,0.0745,0.589,1.32e-06,0.12,0.532,91.936,4
CELEBRANDO,4KrNCWx08dZr11kGIUHuuX,207.15,68,https://open.spotify.com/track/4KrNCWx08dZr11kGIUHuuX,spotify:track:4KrNCWx08dZr11kGIUHuuX,0.825,0.82,4,-1.932,0.0673,0.127,0.000335,0.465,0.296,100.057,4
NO ME SORPRENDE,0s5FgdxYJm0tB68OICOglY,210.994,62,https://open.spotify.com/track/0s5FgdxYJm0tB68OICOglY,spotify:track:0s5FgdxYJm0tB68OICOglY,0.713,0.74,6,-4.391,0.0371,0.2,0.000118,0.325,0.835,139.938,4
DILUVIO,2kz1YOhJiNubjigR1gB1VX,197.052,90,https://open.spotify.com/track/2kz1YOhJiNubjigR1gB1VX,spotify:track:2kz1YOhJiNubjigR1gB1VX,0.795,0.845,9,-3.502,0.0681,0.343,1.78e-05,0.224,0.681,94.969,4
SI TE PEGAS,7kyLtcgYgQPrXkxtAb72iY,183.652,70,https://open.spotify.com/track/7kyLtcgYgQPrXkxtAb72iY,spotify:track:7kyLtcgYgQPrXkxtAb72iY,0.833,0.899,11,-2.515,0.0533,0.422,0.00288,0.184,0.559,115.008,4
BABY HELLO,21N77gfWYoQDvrLvaeiQgi,222.461,78,https://open.spotify.com/track/21N77gfWYoQDvrLvaeiQgi,spotify:track:21N77gfWYoQDvrLvaeiQgi,0.893,0.773,1,-3.733,0.0483,0.164,3.01e-06,0.429,0.842,130.013,4
SATURNO,2OZsedyLpIuOVRVODdhaMZ,91.5,53,https://open.spotify.com/track/2OZsedyLpIuOVRVODdhaMZ,spotify:track:2OZsedyLpIuOVRVODdhaMZ,0.726,0.734,7,-7.393,0.0706,0.00268,0.867,0.113,0.0962,124.071,4
PUNTO 40,4UGqAW9i7NtE5mW9xzm6yk,190.654,75,https://open.spotify.com/track/4UGqAW9i7NtE5mW9xzm6yk,spotify:track:4UGqAW9i7NtE5mW9xzm6yk,0.829,0.857,0,-0.484,0.0842,0.00112,0.015,0.255,0.208,106.993,4
MÁS DE UNA VEZ,6fmpK6IerfBrhZo4a2MYkC,245.163,62,https://open.spotify.com/track/6fmpK6IerfBrhZo4a2MYkC,spotify:track:6fmpK6IerfBrhZo4a2MYkC,0.732,0.73,9,-4.986,0.0322,0.128,3.58e-06,0.173,0.328,119.958,4
LEJOS DEL CIELO,58EM1w815O5XZGWSF7DUCf,208.934,65,https://open.spotify.com/track/58EM1w815O5XZGWSF7DUCf,spotify:track:58EM1w815O5XZGWSF7DUCf,0.521,0.77,7,-6.982,0.195,0.372,3.91e-05,0.3,0.222,92.014,4
DEJAU',2aCbaVxzJctzRCde49qLGC,182.836,69,https://open.spotify.com/track/2aCbaVxzJctzRCde49qLGC,spotify:track:2aCbaVxzJctzRCde49qLGC,0.812,0.807,5,-2.115,0.0507,0.0782,0.0101,0.433,0.567,107.022,4
GATAS,6glF8OLZEE2AHVu5YtOoiu,207.932,64,https://open.spotify.com/track/6glF8OLZEE2AHVu5YtOoiu,spotify:track:6glF8OLZEE2AHVu5YtOoiu,0.841,0.804,6,-4.373,0.0416,0.553,0.000711,0.0923,0.331,111.991,4
PANTIES Y BRASIERES,4uVEdikP5eLUy8Dq6gjiPV,197.383,67,https://open.spotify.com/track/4uVEdikP5eLUy8Dq6gjiPV,spotify:track:4uVEdikP5eLUy8Dq6gjiPV,0.888,0.758,1,-2.851,0.0706,0.34,0.00139,0.144,0.408,107.039,4
CAZADORES,6Xu7owZWwBVbhxOVA45hMK,226.772,58,https://open.spotify.com/track/6Xu7owZWwBVbhxOVA45hMK,spotify:track:6Xu7owZWwBVbhxOVA45hMK,0.824,0.757,10,-6.353,0.114,0.00511,0.00194,0.411,0.307,126.985,4
DECA' A LAS VEGAS (INTERLUDE),1ASeQDIvZNpgYknZwIJM88,87.013,54,https://open.spotify.com/track/1ASeQDIvZNpgYknZwIJM88,spotify:track:1ASeQDIvZNpgYknZwIJM88,0.862,0.87,6,-7.019,0.139,0.153,0.0264,0.157,0.503,128.084,4
QUÉ RICO CH**GAMOS,41onqkcjQIVFmz0S0b3aHV,246.746,66,https://open.spotify.com/track/41onqkcjQIVFmz0S0b3aHV,spotify:track:41onqkcjQIVFmz0S0b3aHV,0.706,0.763,0,-4.872,0.16,0.386,0.0,0.426,0.735,84.016,4
RON COLA,5S8i9p2xS8M8pFqfZMbMzI,186.722,72,https://open.spotify.com/track/5S8i9p2xS8M8pFqfZMbMzI,spotify:track:5S8i9p2xS8M8pFqfZMbMzI,0.682,0.739,9,-5.121,0.0972,0.417,3.95e-05,0.105,0.476,94.048,4
NO ME SUELTES,7xDBtwxsife3u8luqSbSPR,162.857,69,https://open.spotify.com/track/7xDBtwxsife3u8luqSbSPR,spotify:track:7xDBtwxsife3u8luqSbSPR,0.662,0.882,8,-6.504,0.0798,0.151,0.000611,0.0912,0.757,112.014,4
VERDE MENTA,5Mg31AcUBHV7QOPrYH74kQ,188.168,62,https://open.spotify.com/track/5Mg31AcUBHV7QOPrYH74kQ,spotify:track:5Mg31AcUBHV7QOPrYH74kQ,0.813,0.75,10,-4.885,0.0337,0.0199,0.0,0.113,0.784,125.06,4
CORAZÓN DESPEINADO,6yNIT5iO7lUGOFDLG5CPJC,207.063,67,https://open.spotify.com/track/6yNIT5iO7lUGOFDLG5CPJC,spotify:track:6yNIT5iO7lUGOFDLG5CPJC,0.874,0.636,1,-3.687,0.269,0.179,0.0,0.661,0.7,169.986,4
DIME QUIÉN????,1ImWmtI7DM2uFPNJHHbD8g,164.727,68,https://open.spotify.com/track/1ImWmtI7DM2uFPNJHHbD8g,spotify:track:1ImWmtI7DM2uFPNJHHbD8g,0.773,0.565,11,-3.211,0.137,0.0791,0.0,0.22,0.609,170.023,4
RAULEETO (Skit),6G8AN9xTcpjh5RIdSrd4Mm,70.035,51,https://open.spotify.com/track/6G8AN9xTcpjh5RIdSrd4Mm,spotify:track:6G8AN9xTcpjh5RIdSrd4Mm,0.531,0.595,6,-9.826,0.346,0.573,2.16e-05,0.359,0.586,100.662,3
DE CAROLINA,6J3kt4eAqRffh5lBuHJJSO,181.621,72,https://open.spotify.com/track/6J3kt4eAqRffh5lBuHJJSO,spotify:track:6J3kt4eAqRffh5lBuHJJSO,0.958,0.795,7,-1.674,0.116,0.17,1.34e-06,0.251,0.927,110.977,4
LOKERA,1aUq8rjW1EwkAkMri4VfJy,197.101,80,https://open.spotify.com/track/1aUq8rjW1EwkAkMri4VfJy,spotify:track:1aUq8rjW1EwkAkMri4VfJy,0.826,0.836,11,-2.66,0.0461,0.213,6.03e-06,0.0814,0.579,102.025,4
MUSEO,6WfxIJKmYRSpsBJv0tEAKX,255.412,75,https://open.spotify.com/track/6WfxIJKmYRSpsBJv0tEAKX,spotify:track:6WfxIJKmYRSpsBJv0tEAKX,0.449,0.793,0,-7.212,0.047,0.763,0.0,0.165,0.322,108.937,4
CAPRICHOSO,3Fm7EFSuLlW8KqWTPIYLZH,167.619,52,https://open.spotify.com/track/3Fm7EFSuLlW8KqWTPIYLZH,spotify:track:3Fm7EFSuLlW8KqWTPIYLZH,0.722,0.747,11,-5.065,0.055,0.067,0.0,0.137,0.318,125.96,4
RED VELVET,1n81l0FqOpFij4zFhGWAln,213.0,50,https://open.spotify.com/track/1n81l0FqOpFij4zFhGWAln,spotify:track:1n81l0FqOpFij4zFhGWAln,0.46,0.759,7,-6.268,0.0668,0.709,7.88e-05,0.115,0.193,99.9,4
FCK U X2,7CLRoWBqSizI8Zpolsud5K,279.471,52,https://open.spotify.com/track/7CLRoWBqSizI8Zpolsud5K,spotify:track:7CLRoWBqSizI8Zpolsud5K,0.553,0.576,9,-5.83,0.251,0.129,0.0,0.056,0.491,144.982,4
NO DRAMA,73ZHZa41E18kNM9gsjfW3R,193.6,47,https://open.spotify.com/track/73ZHZa41E18kNM9gsjfW3R,spotify:track:73ZHZa41E18kNM9gsjfW3R,0.568,0.773,11,-3.066,0.288,0.248,8.47e-06,0.293,0.33,75.017,4
WUEPA,0KYmzY7oFojlPb84tJeHhp,222.0,53,https://open.spotify.com/track/0KYmzY7oFojlPb84tJeHhp,spotify:track:0KYmzY7oFojlPb84tJeHhp,0.698,0.791,5,-6.825,0.214,0.232,0.00134,0.309,0.498,140.002,4
GRACIAS POR NADA,5nvmDewpwTBUdYgNANz8NP,219.448,48,https://open.spotify.com/track/5nvmDewpwTBUdYgNANz8NP,spotify:track:5nvmDewpwTBUdYgNANz8NP,0.733,0.755,2,-4.45,0.0933,0.212,0.0777,0.0843,0.315,139.942,4
GTR,5Xn6OX5j9WLGN4r6Fznfjo,206.001,50,https://open.spotify.com/track/5Xn6OX5j9WLGN4r6Fznfjo,spotify:track:5Xn6OX5j9WLGN4r6Fznfjo,0.468,0.762,6,-5.989,0.0867,0.06,0.00024,0.104,0.254,139.907,4
HACKIAO,7cTEoAXMCs3x789E5KZOSU,251.961,48,https://open.spotify.com/track/7cTEoAXMCs3x789E5KZOSU,spotify:track:7cTEoAXMCs3x789E5KZOSU,0.662,0.59,11,-5.942,0.169,0.0654,8.77e-06,0.111,0.192,147.907,4
Todo De Ti,3rdAz1fbUfZxYgaCviYhRo,199.604,76,https://open.spotify.com/track/3rdAz1fbUfZxYgaCviYhRo,spotify:track:3rdAz1fbUfZxYgaCviYhRo,0.719,0.78,3,-3.613,0.0506,0.302,0.000196,0.0931,0.336,127.962,4
Sexo Virtual,1lV3QHHMAQt0Kc1ioZq2MP,208.291,74,https://open.spotify.com/track/1lV3QHHMAQt0Kc1ioZq2MP,spotify:track:1lV3QHHMAQt0Kc1ioZq2MP,0.739,0.704,8,-3.286,0.112,0.328,1.93e-05,0.0856,0.425,179.879,4
Nubes,2nU1vaARHQ8FoaxFfe4ZN7,178.893,62,https://open.spotify.com/track/2nU1vaARHQ8FoaxFfe4ZN7,spotify:track:2nU1vaARHQ8FoaxFfe4ZN7,0.755,0.735,0,-3.553,0.0513,0.27,0.00187,0.188,0.437,92.969,4
Desesperados,6mmPpaltUZK7xjNlBPQQ0p,224.996,81,https://open.spotify.com/track/6mmPpaltUZK7xjNlBPQQ0p,spotify:track:6mmPpaltUZK7xjNlBPQQ0p,0.694,0.869,1,-3.35,0.0783,0.356,0.00125,0.0878,0.511,90.02,4
2/Catorce,78QcVmzxS0wIwuC2rpAauI,205.714,70,https://open.spotify.com/track/78QcVmzxS0wIwuC2rpAauI,spotify:track:78QcVmzxS0wIwuC2rpAauI,0.56,0.768,3,-3.497,0.0859,0.709,0.000791,0.115,0.372,112.084,3
Aquel Nap ZzZz,5bQLsyTrUaMQRfr6whwGe5,295.038,75,https://open.spotify.com/track/5bQLsyTrUaMQRfr6whwGe5,spotify:track:5bQLsyTrUaMQRfr6whwGe5,0.495,0.457,4,-6.044,0.0797,0.62,0.000228,0.109,0.311,79.513,4
Cúrame,1FlL8ycld6uVDDyhV7P5FA,164.705,80,https://open.spotify.com/track/1FlL8ycld6uVDDyhV7P5FA,spotify:track:1FlL8ycld6uVDDyhV7P5FA,0.625,0.765,9,-3.599,0.0548,0.584,0.00111,0.112,0.262,102.101,4
Cosa Guapa,7aWiJeMyxxPEyjwvZyauAF,255.712,76,https://open.spotify.com/track/7aWiJeMyxxPEyjwvZyauAF,spotify:track:7aWiJeMyxxPEyjwvZyauAF,0.728,0.52,11,-4.431,0.0943,0.0748,0.000687,0.151,0.399,118.396,4
Desenfocao',2CEf2gU5ZJamLXa3NrgAvA,170.535,73,https://open.spotify.com/track/2CEf2gU5ZJamLXa3NrgAvA,spotify:track:2CEf2gU5ZJamLXa3NrgAvA,0.649,0.706,8,-3.911,0.0353,0.152,0.0,0.161,0.271,139.976,4
¿Cuándo Fue?,4ZNKaE8fcrtDPsRK8RkQIs,168.965,59,https://open.spotify.com/track/4ZNKaE8fcrtDPsRK8RkQIs,spotify:track:4ZNKaE8fcrtDPsRK8RkQIs,0.822,0.462,5,-3.705,0.0635,0.0794,1.09e-06,0.368,0.449,174.002,4
La Old Skul,4Z8HZSApeddaRM2ovivUj4,214.857,74,https://open.spotify.com/track/4Z8HZSApeddaRM2ovivUj4,spotify:track:4Z8HZSApeddaRM2ovivUj4,0.798,0.795,9,-2.357,0.08,0.532,1.02e-05,0.0869,0.397,104.912,4
¿Y Eso?,4b9rqLPiePJzzd5hW9I6f6,200.93,64,https://open.spotify.com/track/4b9rqLPiePJzzd5hW9I6f6,spotify:track:4b9rqLPiePJzzd5hW9I6f6,0.744,0.689,0,-3.896,0.106,0.161,0.0,0.131,0.399,171.981,4
Tengo un Pal,3gQwRTXQIbxKJbojcq8wf9,195.566,55,https://open.spotify.com/track/3gQwRTXQIbxKJbojcq8wf9,spotify:track:3gQwRTXQIbxKJbojcq8wf9,0.796,0.682,1,-2.101,0.104,0.242,0.0,0.237,0.696,159.931,4
Brazilera,6jPFaBQGvDFrcyf5kQAJ6G,184.0,57,https://open.spotify.com/track/6jPFaBQGvDFrcyf5kQAJ6G,spotify:track:6jPFaBQGvDFrcyf5kQAJ6G,0.749,0.907,1,-2.362,0.0978,0.072,6.13e-06,0.106,0.819,130.006,4
Dile a El,13Tbv4nflNxg9kYBIbJnd9,209.54,76,https://open.spotify.com/track/13Tbv4nflNxg9kYBIbJnd9,spotify:track:13Tbv4nflNxg9kYBIbJnd9,0.587,0.784,4,-3.572,0.0767,0.375,0.00109,0.111,0.261,90.032,4
Strawberry Kiwi,4jkZjaZkOCpgk2pqV8Wrw3,212.0,58,https://open.spotify.com/track/4jkZjaZkOCpgk2pqV8Wrw3,spotify:track:4jkZjaZkOCpgk2pqV8Wrw3,0.713,0.784,0,-3.992,0.0958,0.191,2.35e-05,0.139,0.528,81.985,4
Mood,2ISzmtY9Exy1IwmJj3Hc7P,176.0,61,https://open.spotify.com/track/2ISzmtY9Exy1IwmJj3Hc7P,spotify:track:2ISzmtY9Exy1IwmJj3Hc7P,0.704,0.798,8,-2.63,0.245,0.202,0.000188,0.127,0.819,168.053,4
Química (feat. The Martinez Brothers),7IZn95vTYrhHRbFmZsdD2A,295.081,56,https://open.spotify.com/track/7IZn95vTYrhHRbFmZsdD2A,spotify:track:7IZn95vTYrhHRbFmZsdD2A,0.791,0.581,1,-2.99,0.157,0.0193,0.0101,0.0765,0.466,119.986,4
Enchule,0S9ZVNTNRzLMgb96tmmG1u,185.718,65,https://open.spotify.com/track/0S9ZVNTNRzLMgb96tmmG1u,spotify:track:0S9ZVNTNRzLMgb96tmmG1u,0.668,0.761,0,-3.319,0.211,0.153,0.0,0.301,0.578,90.043,4
De Cora <3,22Sh5dlwbERqJAq1fZk5b2,190.1,63,https://open.spotify.com/track/22Sh5dlwbERqJAq1fZk5b2,spotify:track:22Sh5dlwbERqJAq1fZk5b2,0.683,0.811,11,-2.028,0.241,0.46,4.75e-05,0.128,0.571,176.037,4
Un Sueño (feat. Trippie Redd),2Em9XZZw8yEgxjojjGxntN,222.49,54,https://open.spotify.com/track/2Em9XZZw8yEgxjojjGxntN,spotify:track:2Em9XZZw8yEgxjojjGxntN,0.68,0.68,2,-2.26,0.185,0.328,0.0022,0.107,0.331,192.057,4
Reloj,4loQgPwJHocL3dFwLfjb1J,231.594,72,https://open.spotify.com/track/4loQgPwJHocL3dFwLfjb1J,spotify:track:4loQgPwJHocL3dFwLfjb1J,0.537,0.823,8,-2.627,0.211,0.176,3.75e-06,0.124,0.608,175.965,4
No Te Creo,4QSCkYRmv06vKZjXPoarXz,229.333,53,https://open.spotify.com/track/4QSCkYRmv06vKZjXPoarXz,spotify:track:4QSCkYRmv06vKZjXPoarXz,0.892,0.762,11,-2.054,0.189,0.129,6.19e-06,0.107,0.514,179.971,4
Soy Una Gargola,4bEwaORm2IBfu3omjEna7I,249.343,58,https://open.spotify.com/track/4bEwaORm2IBfu3omjEna7I,spotify:track:4bEwaORm2IBfu3omjEna7I,0.711,0.836,4,-3.377,0.195,0.131,0.0,0.401,0.618,94.034,4
Pensándote,2wnhst8yHA4gKuojAgZedh,216.413,72,https://open.spotify.com/track/2wnhst8yHA4gKuojAgZedh,spotify:track:2wnhst8yHA4gKuojAgZedh,0.655,0.79,1,-3.376,0.0762,0.464,0.00165,0.0837,0.56,170.023,4
Perreo Pesau',5bQ9rtAfOUbPmuxjPK8zDp,260.547,65,https://open.spotify.com/track/5bQ9rtAfOUbPmuxjPK8zDp,spotify:track:5bQ9rtAfOUbPmuxjPK8zDp,0.679,0.732,3,-3.068,0.135,0.195,5.2e-06,0.651,0.443,171.887,4
Algo Mágico,7D93pJcwymzaZx8WgBo2zG,261.603,70,https://open.spotify.com/track/7D93pJcwymzaZx8WgBo2zG,spotify:track:7D93pJcwymzaZx8WgBo2zG,0.612,0.699,11,-4.355,0.0667,0.757,0.0,0.161,0.591,100.005,4
Ponte Pa' Mi,1dt2lHi5RCMPuxz4VxKYgi,183.556,71,https://open.spotify.com/track/1dt2lHi5RCMPuxz4VxKYgi,spotify:track:1dt2lHi5RCMPuxz4VxKYgi,0.625,0.808,8,-4.971,0.16,0.394,0.0,0.148,0.647,85.016,4
"Elegí (feat. Farruko, Anuel AA, Sech, Dímelo Flow & Justin Quiles) - Remix",4RjOEjzp0gCCgfCRbCNg5y,323.786,52,https://open.spotify.com/track/4RjOEjzp0gCCgfCRbCNg5y,spotify:track:4RjOEjzp0gCCgfCRbCNg5y,0.735,0.774,0,-2.024,0.077,0.201,0.000721,0.0538,0.726,172.049,4
Tattoo - Remix with Camilo,4G3PTss3mU33Tau7t4KbwE,222.68,72,https://open.spotify.com/track/4G3PTss3mU33Tau7t4KbwE,spotify:track:4G3PTss3mU33Tau7t4KbwE,0.637,0.721,9,-5.134,0.286,0.0406,0.0,0.0525,0.691,193.922,4
Intro - Live,0N2aOEqXQuKLWPgFpsL3J5,52.0,21,https://open.spotify.com/track/0N2aOEqXQuKLWPgFpsL3J5,spotify:track:0N2aOEqXQuKLWPgFpsL3J5,0.501,0.632,2,-7.297,0.88,0.264,0.0,0.15,0.707,81.025,5
Que Le Dé - Live,4J1OOl2fTpKzzzb4Q1XytX,135.438,23,https://open.spotify.com/track/4J1OOl2fTpKzzzb4Q1XytX,spotify:track:4J1OOl2fTpKzzzb4Q1XytX,0.858,0.602,9,-4.097,0.17,0.208,1.8e-06,0.315,0.414,99.972,4
El Efecto - Live,00lSB6dw16MKdBZXVS9nRm,214.395,26,https://open.spotify.com/track/00lSB6dw16MKdBZXVS9nRm,spotify:track:00lSB6dw16MKdBZXVS9nRm,0.826,0.68,0,-2.379,0.176,0.404,0.0,0.109,0.778,83.911,4
Al Mismo Tiempo - Live,6SguqPuecoRQ5ouvgSu9eX,220.414,27,https://open.spotify.com/track/6SguqPuecoRQ5ouvgSu9eX,spotify:track:6SguqPuecoRQ5ouvgSu9eX,0.707,0.638,9,-3.437,0.0335,0.718,0.0,0.0941,0.315,132.744,4
Dream Girl - Remix - Live,3vhErk0GgGqENrp9INsZMY,168.028,27,https://open.spotify.com/track/3vhErk0GgGqENrp9INsZMY,spotify:track:3vhErk0GgGqENrp9INsZMY,0.786,0.607,2,-4.536,0.296,0.419,3.74e-06,0.375,0.58,169.973,4
T.T.I. - Live,5EY54pSiBZWojKMzXGG3AS,135.498,22,https://open.spotify.com/track/5EY54pSiBZWojKMzXGG3AS,spotify:track:5EY54pSiBZWojKMzXGG3AS,0.84,0.673,6,-2.48,0.112,0.374,0.0,0.123,0.564,94.975,4
Yo Sabía - Live,5Tkz5C1DUyLZ3zLYO52Aqx,221.123,21,https://open.spotify.com/track/5Tkz5C1DUyLZ3zLYO52Aqx,spotify:track:5Tkz5C1DUyLZ3zLYO52Aqx,0.742,0.699,10,-4.141,0.143,0.443,1.89e-05,0.154,0.442,159.977,4
Cuerpo en Venta - Live,59aHc7ZJYRBphBcGp3WfTe,119.125,21,https://open.spotify.com/track/59aHc7ZJYRBphBcGp3WfTe,spotify:track:59aHc7ZJYRBphBcGp3WfTe,0.531,0.51,11,-4.013,0.222,0.481,0.0,0.16,0.436,183.933,4
La Cama - Remix - Live,60mMsBRMTSJL8nSDTMo9Tl,99.277,21,https://open.spotify.com/track/60mMsBRMTSJL8nSDTMo9Tl,spotify:track:60mMsBRMTSJL8nSDTMo9Tl,0.883,0.579,2,-2.539,0.119,0.461,0.0,0.319,0.795,174.124,4
Detective - Live,2qQxdmmev9X1tSHoiBINMW,128.342,21,https://open.spotify.com/track/2qQxdmmev9X1tSHoiBINMW,spotify:track:2qQxdmmev9X1tSHoiBINMW,0.862,0.733,3,-2.41,0.0518,0.272,0.0,0.223,0.605,94.982,4
Ponte Pa' Mí - Live,72CjIC1iqPZjZlMk33iIzQ,172.317,23,https://open.spotify.com/track/72CjIC1iqPZjZlMk33iIzQ,spotify:track:72CjIC1iqPZjZlMk33iIzQ,0.814,0.674,8,-3.519,0.203,0.538,0.0,0.115,0.539,84.941,4
Mírame - Live,7oG7hbUboMqIwidV86z97C,183.021,22,https://open.spotify.com/track/7oG7hbUboMqIwidV86z97C,spotify:track:7oG7hbUboMqIwidV86z97C,0.797,0.453,1,-2.639,0.0583,0.339,0.0,0.132,0.372,87.894,4
Elegí - Live,3pE21gD680YsjNE5oJzRka,230.511,22,https://open.spotify.com/track/3pE21gD680YsjNE5oJzRka,spotify:track:3pE21gD680YsjNE5oJzRka,0.837,0.666,9,-3.575,0.171,0.232,0.0,0.103,0.461,171.816,4
Interlude - Live,5zTERBWi4174KQL0YYzfB8,132.577,19,https://open.spotify.com/track/5zTERBWi4174KQL0YYzfB8,spotify:track:5zTERBWi4174KQL0YYzfB8,0.552,0.651,9,-5.12,0.317,0.149,1.53e-05,0.169,0.276,129.307,5
Tattoo - Live,0eWyTF0fa8FTM0qG46GvPL,257.394,24,https://open.spotify.com/track/0eWyTF0fa8FTM0qG46GvPL,spotify:track:0eWyTF0fa8FTM0qG46GvPL,0.723,0.564,9,-3.385,0.39,0.302,0.0,0.0996,0.712,93.521,4
Una Noche - Live,7t2qoR2sIqQFrgD8TTPMeY,87.315,20,https://open.spotify.com/track/7t2qoR2sIqQFrgD8TTPMeY,spotify:track:7t2qoR2sIqQFrgD8TTPMeY,0.553,0.561,9,-2.645,0.027,0.564,0.0,0.256,0.6,92.996,4
Fantasías - Live,1xNRUpGFofZAQnf0OZIhzK,330.829,22,https://open.spotify.com/track/1xNRUpGFofZAQnf0OZIhzK,spotify:track:1xNRUpGFofZAQnf0OZIhzK,0.769,0.605,0,-3.534,0.153,0.37,0.0,0.291,0.453,93.944,4
Al Mismo Tiempo,7CF4dWivLZf3Hdg0FKL9Eb,250.838,66,https://open.spotify.com/track/7CF4dWivLZf3Hdg0FKL9Eb,spotify:track:7CF4dWivLZf3Hdg0FKL9Eb,0.492,0.786,9,-5.007,0.0374,0.8,0.0,0.106,0.203,132.914,4
Cubierto de Ti,0KLgnLFwESd9APhPRdfBnn,269.589,56,https://open.spotify.com/track/0KLgnLFwESd9APhPRdfBnn,spotify:track:0KLgnLFwESd9APhPRdfBnn,0.613,0.816,4,-3.943,0.0645,0.3,0.0,0.681,0.516,146.003,4
Espuma,5n8wJnaFaUtC2v3pe5XCzO,260.806,46,https://open.spotify.com/track/5n8wJnaFaUtC2v3pe5XCzO,spotify:track:5n8wJnaFaUtC2v3pe5XCzO,0.624,0.946,10,-6.852,0.0428,0.153,0.0,0.0978,0.575,123.974,4
Encima De Mi,0hAxyVU6Nro3equjEQdFq2,224.307,57,https://open.spotify.com/track/0hAxyVU6Nro3equjEQdFq2,spotify:track:0hAxyVU6Nro3equjEQdFq2,0.619,0.748,9,-5.235,0.0601,0.493,0.0,0.499,0.402,130.055,4
Na' de Ti,6I7kybtYA6uWdWPyiZgyhK,187.92,41,https://open.spotify.com/track/6I7kybtYA6uWdWPyiZgyhK,spotify:track:6I7kybtYA6uWdWPyiZgyhK,0.66,0.773,0,-6.476,0.165,0.0421,1.02e-05,0.0997,0.358,149.955,4
Cuento de Hadas,3SWyajFaNEhHO5Fd03d51T,229.411,44,https://open.spotify.com/track/3SWyajFaNEhHO5Fd03d51T,spotify:track:3SWyajFaNEhHO5Fd03d51T,0.643,0.667,5,-5.281,0.0847,0.125,0.0,0.478,0.232,84.909,4
Hasta Donde,1cdtc60IkgTugE6lSlHzTk,313.469,45,https://open.spotify.com/track/1cdtc60IkgTugE6lSlHzTk,spotify:track:1cdtc60IkgTugE6lSlHzTk,0.614,0.692,6,-8.056,0.0362,0.274,0.0,0.084,0.377,98.007,4
Hayami Hana,1G7dT2vBltjqflkUEHwRoX,327.0,71,https://open.spotify.com/track/1G7dT2vBltjqflkUEHwRoX,spotify:track:1G7dT2vBltjqflkUEHwRoX,0.418,0.655,1,-10.278,0.178,0.855,3.54e-05,0.13,0.452,79.876,4
BABY HELLO,2SOvWt6igzXViIjIiWNWEP,222.461,82,https://open.spotify.com/track/2SOvWt6igzXViIjIiWNWEP,spotify:track:2SOvWt6igzXViIjIiWNWEP,0.892,0.773,1,-3.732,0.0483,0.166,3.1e-06,0.429,0.842,130.007,4
"Rauw Alejandro: Bzrp Music Sessions, Vol. 56",2NFadq6pUeiVEihLvUlOSr,191.254,80,https://open.spotify.com/track/2NFadq6pUeiVEihLvUlOSr,spotify:track:2NFadq6pUeiVEihLvUlOSr,0.646,0.784,11,-3.626,0.0491,0.0978,1.09e-06,0.255,0.592,127.942,4
BESO,609E1JCInJncactoMmkDon,194.543,87,https://open.spotify.com/track/609E1JCInJncactoMmkDon,spotify:track:609E1JCInJncactoMmkDon,0.644,0.768,5,-6.671,0.136,0.736,0.000837,0.173,0.53,95.05,4
VAMPIROS,3Eax1yebRxj6LSYpxE9Yd3,176.59,72,https://open.spotify.com/track/3Eax1yebRxj6LSYpxE9Yd3,spotify:track:3Eax1yebRxj6LSYpxE9Yd3,0.684,0.766,9,-4.281,0.0514,0.135,0.0199,0.0832,0.474,102.045,4
PROMESA,75rqqKvzJCGv2oq9C4yFDt,196.426,63,https://open.spotify.com/track/75rqqKvzJCGv2oq9C4yFDt,spotify:track:75rqqKvzJCGv2oq9C4yFDt,0.374,0.63,6,-9.007,0.227,0.861,7.54e-05,0.294,0.373,104.955,4
TAMO EN NOTA,2I0aHZjCXh6UjMHIOqugYF,180.06,68,https://open.spotify.com/track/2I0aHZjCXh6UjMHIOqugYF,spotify:track:2I0aHZjCXh6UjMHIOqugYF,0.81,0.667,1,-2.801,0.344,0.0922,0.0,0.131,0.829,121.373,4
PANTIES Y BRASIERES,0fADaWdT3obxk7zvHS18VY,197.383,69,https://open.spotify.com/track/0fADaWdT3obxk7zvHS18VY,spotify:track:0fADaWdT3obxk7zvHS18VY,0.888,0.758,1,-2.851,0.0706,0.34,0.00139,0.144,0.408,107.039,4
LEJOS DEL CIELO,39qtjJ454r2fgyXaenq8Wv,208.934,59,https://open.spotify.com/track/39qtjJ454r2fgyXaenq8Wv,spotify:track:39qtjJ454r2fgyXaenq8Wv,0.521,0.77,7,-6.982,0.195,0.372,3.91e-05,0.3,0.222,92.014,4
DIME QUIÉN????,2WtLhvwJX3czRVuFtUgZ6i,164.727,53,https://open.spotify.com/track/2WtLhvwJX3czRVuFtUgZ6i,spotify:track:2WtLhvwJX3czRVuFtUgZ6i,0.773,0.56,11,-3.14,0.134,0.0822,0.0,0.458,0.587,170.05,4
PUNTO 40,2TDyyEBasw10wu5Uh94bR1,190.654,71,https://open.spotify.com/track/2TDyyEBasw10wu5Uh94bR1,spotify:track:2TDyyEBasw10wu5Uh94bR1,0.826,0.873,0,-0.722,0.0876,0.00127,0.0361,0.311,0.201,106.972,4
LOKERA,79HZAZNnOE97rb2hnI0XQr,197.101,75,https://open.spotify.com/track/79HZAZNnOE97rb2hnI0XQr,spotify:track:79HZAZNnOE97rb2hnI0XQr,0.828,0.834,11,-2.657,0.0452,0.21,5.91e-06,0.103,0.58,102.019,4
Sci-Fi,5hF1rSgXQ4EPdWdYb8E6q0,198.54,59,https://open.spotify.com/track/5hF1rSgXQ4EPdWdYb8E6q0,spotify:track:5hF1rSgXQ4EPdWdYb8E6q0,0.915,0.66,1,-2.43,0.0678,0.221,0.0,0.388,0.377,100.015,4
Loco Por Perrearte - Remix,0vHfVsEe6Ps0d8cZ9PGzSw,199.148,66,https://open.spotify.com/track/0vHfVsEe6Ps0d8cZ9PGzSw,spotify:track:0vHfVsEe6Ps0d8cZ9PGzSw,0.673,0.848,11,-4.034,0.058,0.0147,0.00652,0.102,0.39,93.987,4
Te Felicito,2rurDawMfoKP4uHyb2kJBt,172.235,81,https://open.spotify.com/track/2rurDawMfoKP4uHyb2kJBt,spotify:track:2rurDawMfoKP4uHyb2kJBt,0.636,0.695,5,-4.654,0.317,0.234,0.0,0.081,0.575,174.14,4
ALAKRAN,2Yc3MHpZ9R5UCIz78E20AQ,90.613,75,https://open.spotify.com/track/2Yc3MHpZ9R5UCIz78E20AQ,spotify:track:2Yc3MHpZ9R5UCIz78E20AQ,0.633,0.692,7,-3.085,0.0721,0.039,4.09e-05,0.118,0.319,98.088,4
50 PALOS,2FhmPPAersOD9YcQ9v8upy,167.24,73,https://open.spotify.com/track/2FhmPPAersOD9YcQ9v8upy,spotify:track:2FhmPPAersOD9YcQ9v8upy,0.669,0.719,10,-2.032,0.069,0.0942,2.41e-06,0.243,0.666,93.932,4
LA VUELTA,01W6syCgxisKd0gDqFRdEG,121.92,75,https://open.spotify.com/track/01W6syCgxisKd0gDqFRdEG,spotify:track:01W6syCgxisKd0gDqFRdEG,0.824,0.835,1,-3.928,0.288,0.0416,2.52e-06,0.122,0.323,93.932,4
CUAL ES ESA,05sO6FK8E9l2cfwnEUTjHq,172.506,74,https://open.spotify.com/track/05sO6FK8E9l2cfwnEUTjHq,spotify:track:05sO6FK8E9l2cfwnEUTjHq,0.481,0.916,6,-4.483,0.194,0.0179,0.0,0.121,0.714,95.998,4
INTERLUDE,7ukSaEUWOKy6EH0ydS30m3,103.373,70,https://open.spotify.com/track/7ukSaEUWOKy6EH0ydS30m3,spotify:track:7ukSaEUWOKy6EH0ydS30m3,0.331,0.265,11,-12.168,0.0324,0.685,0.131,0.707,0.221,141.483,4
LUNA,7bywjHOc0wSjGGbj04XbVi,196.8,76,https://open.spotify.com/track/7bywjHOc0wSjGGbj04XbVi,spotify:track:7bywjHOc0wSjGGbj04XbVi,0.86,0.774,7,-2.888,0.13,0.131,0.0,0.116,0.446,100.019,4
ESQUIRLA,646hgiXWSjmGUwQmp4HiZz,147.6,72,https://open.spotify.com/track/646hgiXWSjmGUwQmp4HiZz,spotify:track:646hgiXWSjmGUwQmp4HiZz,0.694,0.79,11,-3.135,0.0328,0.103,1.45e-06,0.314,0.695,99.957,4
DESQUITE,3kAURWHIN3R9qUP0h4FOUw,133.546,73,https://open.spotify.com/track/3kAURWHIN3R9qUP0h4FOUw,spotify:track:3kAURWHIN3R9qUP0h4FOUw,0.714,0.729,5,-3.716,0.0654,0.0465,0.0,0.12,0.868,179.942,4
YO AK,5ktB9kTVHGFSMdJ2G0WdhN,205.066,71,https://open.spotify.com/track/5ktB9kTVHGFSMdJ2G0WdhN,spotify:track:5ktB9kTVHGFSMdJ2G0WdhN,0.705,0.778,1,-4.565,0.0649,0.125,1.26e-06,0.0811,0.591,90.964,4
CLASSY 101,1hZsWUnLbqRw09jLAMQSsb,195.586,70,https://open.spotify.com/track/1hZsWUnLbqRw09jLAMQSsb,spotify:track:1hZsWUnLbqRw09jLAMQSsb,0.665,0.858,11,-4.772,0.152,0.126,0.0,0.119,0.659,100.09,4
FERXXO 30,2LWM5Ft0TdX24GeSq1u6PV,173.76,81,https://open.spotify.com/track/2LWM5Ft0TdX24GeSq1u6PV,spotify:track:2LWM5Ft0TdX24GeSq1u6PV,0.637,0.765,2,-5.291,0.0807,0.0477,1.34e-06,0.0578,0.508,89.968,4
VOL 2,1TNSlRzSRjDeMJQQ2KzBQ4,70.573,66,https://open.spotify.com/track/1TNSlRzSRjDeMJQQ2KzBQ4,spotify:track:1TNSlRzSRjDeMJQQ2KzBQ4,0.416,0.466,11,-7.926,0.056,0.599,0.0,0.163,0.29,135.504,4
VENTE CONMIGO,7LAJlPa6xn5BWKuOFXLDvh,185.973,69,https://open.spotify.com/track/7LAJlPa6xn5BWKuOFXLDvh,spotify:track:7LAJlPa6xn5BWKuOFXLDvh,0.777,0.869,4,-3.475,0.123,0.0056,5.03e-05,0.0577,0.706,116.037,4
Niña Bonita,4VPoFy002PwspvctfYP6zx,187.24,74,https://open.spotify.com/track/4VPoFy002PwspvctfYP6zx,spotify:track:4VPoFy002PwspvctfYP6zx,0.615,0.811,4,-4.198,0.182,0.0996,0.0,0.1,0.474,91.123,4
GANGSTERS Y PISTOLAS,2GOnlLJqDMvlXlEqD8AQqn,170.64,72,https://open.spotify.com/track/2GOnlLJqDMvlXlEqD8AQqn,spotify:track:2GOnlLJqDMvlXlEqD8AQqn,0.544,0.847,0,-6.538,0.0804,0.0309,0.0,0.448,0.487,90.033,4
FERXXO 151,2Cl4HCBmPddQNZEncdoXp0,195.386,73,https://open.spotify.com/track/2Cl4HCBmPddQNZEncdoXp0,spotify:track:2Cl4HCBmPddQNZEncdoXp0,0.933,0.76,0,-4.586,0.133,0.186,1.44e-06,0.381,0.597,113.034,4
BUBALU,62xla8336vUnmxTWNzCfRt,228.186,78,https://open.spotify.com/track/62xla8336vUnmxTWNzCfRt,spotify:track:62xla8336vUnmxTWNzCfRt,0.803,0.786,6,-5.232,0.072,0.135,4.11e-06,0.11,0.722,112.007,4
RITMO DE MEDALLO,30ZwYmaZ9rrmjlEHLhF8qR,118.653,77,https://open.spotify.com/track/30ZwYmaZ9rrmjlEHLhF8qR,spotify:track:30ZwYmaZ9rrmjlEHLhF8qR,0.902,0.815,9,-3.886,0.131,0.0424,0.0,0.083,0.711,89.982,4
FERXXO EDITION,5JyzfewQ2ovt9WB03Jj12j,161.72,72,https://open.spotify.com/track/5JyzfewQ2ovt9WB03Jj12j,spotify:track:5JyzfewQ2ovt9WB03Jj12j,0.628,0.821,7,-6.409,0.204,0.044,0.0,0.137,0.556,92.022,4
NX TX SIENTAS SOLX,0xzNdNJSQnHfRLYRdVhERp,121.146,67,https://open.spotify.com/track/0xzNdNJSQnHfRLYRdVhERp,spotify:track:0xzNdNJSQnHfRLYRdVhERp,0.58,0.708,3,-7.39,0.12,0.448,0.0,0.099,0.639,101.927,4
LUCES DE TECNO,0goXAEnjWhssHU0y9Zyqyf,164.293,82,https://open.spotify.com/track/0goXAEnjWhssHU0y9Zyqyf,spotify:track:0goXAEnjWhssHU0y9Zyqyf,0.651,0.643,7,-6.738,0.601,0.142,0.0,0.103,0.324,130.019,4
EY CHORY,1npr0HhhkrcTOgqWOp76TM,178.706,74,https://open.spotify.com/track/1npr0HhhkrcTOgqWOp76TM,spotify:track:1npr0HhhkrcTOgqWOp76TM,0.423,0.728,11,-7.355,0.119,0.0874,6.45e-06,0.0927,0.445,93.993,4
VELOCIDAD CRUCERO,7bLJA1PblcBfTU6aqB1Gct,135.973,69,https://open.spotify.com/track/7bLJA1PblcBfTU6aqB1Gct,spotify:track:7bLJA1PblcBfTU6aqB1Gct,0.506,0.827,1,-7.234,0.322,0.0374,0.0,0.154,0.399,89.998,4
ROMÁNTICOS DE LUNES,3b9hmdwt0RWluhFm3hLKz8,242.84,72,https://open.spotify.com/track/3b9hmdwt0RWluhFm3hLKz8,spotify:track:3b9hmdwt0RWluhFm3hLKz8,0.579,0.693,4,-5.761,0.0973,0.0699,0.0,0.096,0.363,98.903,4
el único tema del ferxxo,5CLzTL3KI3xb1SbjE8lNWO,182.893,75,https://open.spotify.com/track/5CLzTL3KI3xb1SbjE8lNWO,spotify:track:5CLzTL3KI3xb1SbjE8lNWO,0.769,0.813,0,-2.516,0.0897,0.0214,0.0,0.0845,0.747,102.977,4
PRIVILEGIOS,2HFJ2nXf7Komq9a4Z0Bbrm,185.6,67,https://open.spotify.com/track/2HFJ2nXf7Komq9a4Z0Bbrm,spotify:track:2HFJ2nXf7Komq9a4Z0Bbrm,0.752,0.53,4,-5.413,0.0556,0.153,0.0,0.0909,0.524,159.804,4
Intro,2NjSnDtwbq7EveHLdJfv6J,33.866,48,https://open.spotify.com/track/2NjSnDtwbq7EveHLdJfv6J,spotify:track:2NjSnDtwbq7EveHLdJfv6J,0.567,0.608,8,-14.447,0.188,0.895,0.195,0.641,0.694,73.793,3
Castigo,18pWcEUcUJpBFs7eNBsBht,177.28,70,https://open.spotify.com/track/18pWcEUcUJpBFs7eNBsBht,spotify:track:18pWcEUcUJpBFs7eNBsBht,0.68,0.728,8,-4.129,0.165,0.0865,1.06e-06,0.1,0.704,179.839,4
Feliz Cumpleaños Ferxxo,2CeKVsFFXG4QzA415QygGb,155.96,87,https://open.spotify.com/track/2CeKVsFFXG4QzA415QygGb,spotify:track:2CeKVsFFXG4QzA415QygGb,0.573,0.865,5,-5.501,0.0678,0.0863,0.0,0.305,0.563,94.999,4
Nieve,2gLDm4AjVnHlsik9sK87vj,140.426,63,https://open.spotify.com/track/2gLDm4AjVnHlsik9sK87vj,spotify:track:2gLDm4AjVnHlsik9sK87vj,0.667,0.849,6,-6.324,0.0466,0.00346,0.00104,0.108,0.747,120.033,4
Ferxxo 100,1sbNEFiURUYfy024cJX8JG,167.76,81,https://open.spotify.com/track/1sbNEFiURUYfy024cJX8JG,spotify:track:1sbNEFiURUYfy024cJX8JG,0.562,0.705,8,-3.378,0.0674,0.257,0.0,0.137,0.569,163.893,4
Belixe,0S4w5ZBEbxYxiygvz9wWdK,155.533,66,https://open.spotify.com/track/0S4w5ZBEbxYxiygvz9wWdK,spotify:track:0S4w5ZBEbxYxiygvz9wWdK,0.673,0.876,8,-7.15,0.139,0.0524,0.00571,0.0813,0.462,113.995,4
XQ Te Pones Así,6JUMswocQ7Hp46kj9kyljT,218.693,65,https://open.spotify.com/track/6JUMswocQ7Hp46kj9kyljT,spotify:track:6JUMswocQ7Hp46kj9kyljT,0.697,0.812,10,-3.441,0.0694,0.134,0.0,0.147,0.477,92.03,4
X20X,1lqJic7VMR7PBlwpPrZuPK,103.24,63,https://open.spotify.com/track/1lqJic7VMR7PBlwpPrZuPK,spotify:track:1lqJic7VMR7PBlwpPrZuPK,0.358,0.461,10,-6.051,0.0868,0.702,0.0,0.135,0.353,81.219,4
Prohibidox,3PpWCS95gDUDRPko3u1MZ9,166.253,79,https://open.spotify.com/track/3PpWCS95gDUDRPko3u1MZ9,spotify:track:3PpWCS95gDUDRPko3u1MZ9,0.801,0.647,1,-2.946,0.249,0.0451,0.0,0.0628,0.517,180.108,4
Lady Mi Amor,30Xh83fw03PZ2Wfm36H4EZ,147.066,66,https://open.spotify.com/track/30Xh83fw03PZ2Wfm36H4EZ,spotify:track:30Xh83fw03PZ2Wfm36H4EZ,0.618,0.782,2,-5.288,0.055,0.0632,7.44e-05,0.15,0.752,93.016,4
Quemando Calorías,3ss6y0Id5Iwk2L5MIZp4xF,182.506,67,https://open.spotify.com/track/3ss6y0Id5Iwk2L5MIZp4xF,spotify:track:3ss6y0Id5Iwk2L5MIZp4xF,0.698,0.678,7,-4.57,0.0587,0.00214,4.94e-06,0.0945,0.812,192.005,4
Aguante,2dWGQ975YrNma4SdfmJRDg,164.413,67,https://open.spotify.com/track/2dWGQ975YrNma4SdfmJRDg,spotify:track:2dWGQ975YrNma4SdfmJRDg,0.645,0.756,7,-4.909,0.0736,0.106,8.51e-06,0.173,0.412,169.966,4
Si Te La Encuentras Por Ahí,2vsoD8S1OyrWSVIA43hjaU,191.506,73,https://open.spotify.com/track/2vsoD8S1OyrWSVIA43hjaU,spotify:track:2vsoD8S1OyrWSVIA43hjaU,0.569,0.736,8,-3.559,0.0779,0.144,5.27e-05,0.112,0.433,171.973,4
Normal,0T2pB7P1VdXPhLdQZ488uH,171.88,85,https://open.spotify.com/track/0T2pB7P1VdXPhLdQZ488uH,spotify:track:0T2pB7P1VdXPhLdQZ488uH,0.56,0.709,4,-4.867,0.171,0.034,0.0,0.315,0.541,170.082,4
La Buena Fai,188Iohmux4LrDaj6e6eeEx,144.573,60,https://open.spotify.com/track/188Iohmux4LrDaj6e6eeEx,spotify:track:188Iohmux4LrDaj6e6eeEx,0.539,0.712,2,-5.194,0.174,0.116,0.0,0.219,0.406,167.764,4
CORONE,6xJp1Tz9uUhfgFlrpznD4k,162.72,53,https://open.spotify.com/track/6xJp1Tz9uUhfgFlrpznD4k,spotify:track:6xJp1Tz9uUhfgFlrpznD4k,0.678,0.701,1,-5.643,0.069,0.093,0.00322,0.105,0.634,167.992,4
CHIMBITA,5Qu488SxfRwIYalrMMjmE7,156.146,54,https://open.spotify.com/track/5Qu488SxfRwIYalrMMjmE7,spotify:track:5Qu488SxfRwIYalrMMjmE7,0.656,0.682,8,-4.461,0.188,0.142,0.0,0.111,0.572,185.951,4
TENGO FE,5rkfAeAGqww7UUGkqGZ1Wr,146.426,53,https://open.spotify.com/track/5rkfAeAGqww7UUGkqGZ1Wr,spotify:track:5rkfAeAGqww7UUGkqGZ1Wr,0.571,0.757,7,-4.547,0.0906,0.264,8.97e-06,0.313,0.538,159.933,4
COMO CUANDO,3dtBWbot9d7XZYGHM5kl7V,161.613,49,https://open.spotify.com/track/3dtBWbot9d7XZYGHM5kl7V,spotify:track:3dtBWbot9d7XZYGHM5kl7V,0.625,0.701,9,-4.763,0.124,0.165,8.34e-05,0.0754,0.747,84.671,4
JORDAN IV,4hWHK5zIcv6yji8GsCSmAb,162.52,52,https://open.spotify.com/track/4hWHK5zIcv6yji8GsCSmAb,spotify:track:4hWHK5zIcv6yji8GsCSmAb,0.673,0.774,6,-5.255,0.283,0.0597,0.0,0.0942,0.219,166.015,4
FUMETEO,1OO9fI0XraqhRVZlMJEp6l,134.693,50,https://open.spotify.com/track/1OO9fI0XraqhRVZlMJEp6l,spotify:track:1OO9fI0XraqhRVZlMJEp6l,0.795,0.783,4,-4.432,0.0435,0.0675,0.0,0.104,0.635,93.982,4
PURRITO APA,1epyvAxnYmVKS0UVn9Wsln,151.4,51,https://open.spotify.com/track/1epyvAxnYmVKS0UVn9Wsln,spotify:track:1epyvAxnYmVKS0UVn9Wsln,0.662,0.626,6,-4.104,0.329,0.046,0.0,0.0942,0.632,110.611,5
XXXX,4sEbyXOOAjrPHkaK8O3y2G,117.906,48,https://open.spotify.com/track/4sEbyXOOAjrPHkaK8O3y2G,spotify:track:4sEbyXOOAjrPHkaK8O3y2G,0.737,0.727,1,-6.395,0.309,0.0317,0.0,0.107,0.148,81.933,4
FERXXO VI,1IFpEIKGWcHuWftxKWIIr6,102.4,49,https://open.spotify.com/track/1IFpEIKGWcHuWftxKWIIr6,spotify:track:1IFpEIKGWcHuWftxKWIIr6,0.278,0.341,2,-12.764,0.055,0.886,0.00109,0.0776,0.0797,147.602,4
HULU,17bTBbeFGkKUAisHzk6ngP,121.44,49,https://open.spotify.com/track/17bTBbeFGkKUAisHzk6ngP,spotify:track:17bTBbeFGkKUAisHzk6ngP,0.761,0.809,7,-3.978,0.254,0.0324,2.04e-05,0.0998,0.45,173.966,4
HECTOL,2KzW8jAkqgHtqdPSmoCSag,160.04,50,https://open.spotify.com/track/2KzW8jAkqgHtqdPSmoCSag,spotify:track:2KzW8jAkqgHtqdPSmoCSag,0.531,0.792,6,-5.955,0.28,0.296,9.69e-06,0.0999,0.746,90.023,4
EL PADRINO,31IhRKYBQw8qnWvzRXqnLB,168.986,51,https://open.spotify.com/track/31IhRKYBQw8qnWvzRXqnLB,spotify:track:31IhRKYBQw8qnWvzRXqnLB,0.623,0.622,5,-6.971,0.036,0.171,3.83e-05,0.105,0.56,175.891,4
TE MATA,1hPnBcozEKtGzriBxg60SP,113.12,52,https://open.spotify.com/track/1hPnBcozEKtGzriBxg60SP,spotify:track:1hPnBcozEKtGzriBxg60SP,0.531,0.581,9,-4.699,0.208,0.021,0.000195,0.137,0.866,170.001,4
14 De Febrero,4gxth3dfoNKVku4DDB3R79,158.413,53,https://open.spotify.com/track/4gxth3dfoNKVku4DDB3R79,spotify:track:4gxth3dfoNKVku4DDB3R79,0.572,0.577,9,-5.478,0.0473,0.803,0.0,0.087,0.725,169.361,4
SI TÚ SUPIERAS,6qtDKAKZhJfVziibsoGBBj,196.373,66,https://open.spotify.com/track/6qtDKAKZhJfVziibsoGBBj,spotify:track:6qtDKAKZhJfVziibsoGBBj,0.664,0.673,4,-5.382,0.177,0.376,0.0,0.111,0.586,174.972,4
VACAXIONES,5QLs1kIWkkxcdUBfTkqWBX,186.4,65,https://open.spotify.com/track/5QLs1kIWkkxcdUBfTkqWBX,spotify:track:5QLs1kIWkkxcdUBfTkqWBX,0.69,0.558,6,-5.101,0.122,0.132,0.0,0.126,0.43,90.091,4
FRIKI,2WrqTrNIHqfcMCgmEo0A7E,145.12,73,https://open.spotify.com/track/2WrqTrNIHqfcMCgmEo0A7E,spotify:track:2WrqTrNIHqfcMCgmEo0A7E,0.878,0.826,6,-2.389,0.0599,0.0242,0.0,0.0789,0.686,94.994,4
Monastery,0lBYoRwjutFWOBGfQ2uMGk,189.346,55,https://open.spotify.com/track/0lBYoRwjutFWOBGfQ2uMGk,spotify:track:0lBYoRwjutFWOBGfQ2uMGk,0.505,0.84,0,-6.708,0.0769,0.0999,0.0,0.354,0.775,88.973,4
COMMENT,4cjmzyooA8MkQAKrfESAoo,170.693,61,https://open.spotify.com/track/4cjmzyooA8MkQAKrfESAoo,spotify:track:4cjmzyooA8MkQAKrfESAoo,0.536,0.749,5,-5.705,0.18,0.178,0.0,0.103,0.328,179.966,4
8 DIAX,52ZI5nsIiC5Zh6z5ufTYAK,141.333,61,https://open.spotify.com/track/52ZI5nsIiC5Zh6z5ufTYAK,spotify:track:52ZI5nsIiC5Zh6z5ufTYAK,0.572,0.773,8,-3.463,0.232,0.0886,0.0,0.0937,0.703,179.685,4
RUDEBOYZ,19bRjBsNb33qkJkyYNZT16,186.68,54,https://open.spotify.com/track/19bRjBsNb33qkJkyYNZT16,spotify:track:19bRjBsNb33qkJkyYNZT16,0.714,0.863,5,-3.156,0.229,0.0264,0.0,0.129,0.553,90.04,4
AMOR DE MI VIDA,2C6eINAA8cO6e5a8PjnWsK,189.613,70,https://open.spotify.com/track/2C6eINAA8cO6e5a8PjnWsK,spotify:track:2C6eINAA8cO6e5a8PjnWsK,0.674,0.735,6,-5.629,0.124,0.18,0.0,0.108,0.561,171.883,4
FUMETEO - Remix,5SXG3VyqqWkzr4a3sUnupK,214.88,61,https://open.spotify.com/track/5SXG3VyqqWkzr4a3sUnupK,spotify:track:5SXG3VyqqWkzr4a3sUnupK,0.843,0.729,4,-4.588,0.0426,0.0431,1.22e-05,0.106,0.656,93.972,4
MIONCA AL BLOQUE,0mIFOa5E7widNaQ76voSN1,172.16,56,https://open.spotify.com/track/0mIFOa5E7widNaQ76voSN1,spotify:track:0mIFOa5E7widNaQ76voSN1,0.617,0.744,11,-4.621,0.325,0.126,0.0,0.101,0.396,170.002,4
CORONE,1A7rUacip28yYERtzuQZ55,162.72,64,https://open.spotify.com/track/1A7rUacip28yYERtzuQZ55,spotify:track:1A7rUacip28yYERtzuQZ55,0.68,0.702,1,-5.643,0.0691,0.0928,0.00333,0.104,0.622,167.992,4
CHIMBITA,35xvhWIZMpsDcJxr14Ukbx,156.146,69,https://open.spotify.com/track/35xvhWIZMpsDcJxr14Ukbx,spotify:track:35xvhWIZMpsDcJxr14Ukbx,0.657,0.682,1,-4.462,0.193,0.142,0.0,0.111,0.564,185.938,4
TENGO FE,57pkksnRS4NOOphTmoRlK2,146.426,65,https://open.spotify.com/track/57pkksnRS4NOOphTmoRlK2,spotify:track:57pkksnRS4NOOphTmoRlK2,0.565,0.756,7,-4.555,0.0923,0.269,7.76e-06,0.313,0.517,159.95,4
COMO CUANDO,1DyNtUr9nwyV9jZ4Gw7Tqy,161.613,49,https://open.spotify.com/track/1DyNtUr9nwyV9jZ4Gw7Tqy,spotify:track:1DyNtUr9nwyV9jZ4Gw7Tqy,0.624,0.678,9,-4.763,0.129,0.159,9.26e-05,0.0754,0.745,84.319,4
JORDAN IV,5ZyNCQmxZlYZfAHeJXTkI2,162.52,62,https://open.spotify.com/track/5ZyNCQmxZlYZfAHeJXTkI2,spotify:track:5ZyNCQmxZlYZfAHeJXTkI2,0.676,0.774,6,-5.238,0.293,0.0589,0.0,0.0941,0.233,165.91,4
FUMETEO,0tSOh06ns9Wnfz4k4oIx2U,134.693,55,https://open.spotify.com/track/0tSOh06ns9Wnfz4k4oIx2U,spotify:track:0tSOh06ns9Wnfz4k4oIx2U,0.791,0.784,4,-4.433,0.0431,0.066,0.0,0.104,0.617,93.956,4
PURRITO APA,4s3clr8iaefWqqPxHGKZj1,151.4,61,https://open.spotify.com/track/4s3clr8iaefWqqPxHGKZj1,spotify:track:4s3clr8iaefWqqPxHGKZj1,0.658,0.626,1,-4.108,0.336,0.0462,0.0,0.0942,0.635,110.781,5
XXXX,3fW5GoO2tYjVGkr99FGzHg,117.906,53,https://open.spotify.com/track/3fW5GoO2tYjVGkr99FGzHg,spotify:track:3fW5GoO2tYjVGkr99FGzHg,0.735,0.727,10,-6.395,0.303,0.0321,0.0,0.108,0.148,81.973,4
FERXXO VI,0lejBHA2u20jkxs38F26Hd,102.4,55,https://open.spotify.com/track/0lejBHA2u20jkxs38F26Hd,spotify:track:0lejBHA2u20jkxs38F26Hd,0.281,0.369,2,-12.763,0.0652,0.899,0.00143,0.0779,0.0873,75.34,4
HULU,6GrGYZbYt9Yq8R5aiSWZ0j,121.44,51,https://open.spotify.com/track/6GrGYZbYt9Yq8R5aiSWZ0j,spotify:track:6GrGYZbYt9Yq8R5aiSWZ0j,0.755,0.81,7,-3.989,0.26,0.0326,1.94e-05,0.1,0.44,173.962,4
HECTOL,1ExmH7o7Kkj1HsnyStw7TM,160.04,53,https://open.spotify.com/track/1ExmH7o7Kkj1HsnyStw7TM,spotify:track:1ExmH7o7Kkj1HsnyStw7TM,0.531,0.791,6,-5.947,0.277,0.307,8.31e-06,0.0998,0.743,90.026,4
EL PADRINO,0zWkVCi9eFjcVAM839IkCZ,168.986,59,https://open.spotify.com/track/0zWkVCi9eFjcVAM839IkCZ,spotify:track:0zWkVCi9eFjcVAM839IkCZ,0.62,0.623,0,-6.981,0.037,0.166,3.6e-05,0.104,0.53,175.817,4
TE MATA,3eFL5cxO22TpyjK3wNb27q,113.12,65,https://open.spotify.com/track/3eFL5cxO22TpyjK3wNb27q,spotify:track:3eFL5cxO22TpyjK3wNb27q,0.531,0.582,9,-4.698,0.209,0.0209,0.000164,0.138,0.866,170.01,4
14 De Febrero,2GZmcIwvFeu3NgKu1HJL4u,158.413,58,https://open.spotify.com/track/2GZmcIwvFeu3NgKu1HJL4u,spotify:track:2GZmcIwvFeu3NgKu1HJL4u,0.569,0.564,9,-5.477,0.0481,0.805,0.0,0.0874,0.72,169.353,4
SI TÚ SUPIERAS - Bonus Track,1SCYfmGM5ueb6YiiQbLXVn,196.373,73,https://open.spotify.com/track/1SCYfmGM5ueb6YiiQbLXVn,spotify:track:1SCYfmGM5ueb6YiiQbLXVn,0.666,0.652,4,-5.383,0.171,0.379,0.0,0.11,0.554,174.732,4
enemigos,05BpaUYj7dL1vsE2oNsTzV,217.88,57,https://open.spotify.com/track/05BpaUYj7dL1vsE2oNsTzV,spotify:track:05BpaUYj7dL1vsE2oNsTzV,0.608,0.763,5,-5.828,0.0884,0.14,2.63e-06,0.0864,0.782,174.027,4
FOTOGRAFÍAS,1q8oUVzv2NPMpeQbSAiUvH,204.293,54,https://open.spotify.com/track/1q8oUVzv2NPMpeQbSAiUvH,spotify:track:1q8oUVzv2NPMpeQbSAiUvH,0.671,0.812,4,-4.858,0.148,0.0352,1.72e-06,0.102,0.697,173.952,4
JAMAICA,3mEuWQDngXevBTZLf48XDx,224.24,58,https://open.spotify.com/track/3mEuWQDngXevBTZLf48XDx,spotify:track:3mEuWQDngXevBTZLf48XDx,0.542,0.52,1,-7.404,0.155,0.0383,0.0,0.371,0.669,81.131,4
BREAK UP,4xpkpFN38ZUGTNH4majHuu,201.453,56,https://open.spotify.com/track/4xpkpFN38ZUGTNH4majHuu,spotify:track:4xpkpFN38ZUGTNH4majHuu,0.549,0.801,11,-6.485,0.132,0.0939,6.4e-05,0.0782,0.652,165.982,4
que putas,4fcC14xEEHEYS4SClHRzOr,153.746,67,https://open.spotify.com/track/4fcC14xEEHEYS4SClHRzOr,spotify:track:4fcC14xEEHEYS4SClHRzOr,0.263,0.466,5,-8.633,0.0783,0.404,0.0,0.115,0.306,78.234,1
FERXXO X ÑEJO,6qXKkWIJlEYgWOvvnaHVms,215.746,63,https://open.spotify.com/track/6qXKkWIJlEYgWOvvnaHVms,spotify:track:6qXKkWIJlEYgWOvvnaHVms,0.441,0.838,0,-6.583,0.296,0.177,0.000131,0.0832,0.645,176.005,4
XX - Remix,1E3M0dUlGW3gY9aylkFrpd,197.933,50,https://open.spotify.com/track/1E3M0dUlGW3gY9aylkFrpd,spotify:track:1E3M0dUlGW3gY9aylkFrpd,0.669,0.766,1,-5.352,0.0672,0.041,0.0,0.154,0.892,164.011,4
NEA,2S6z7NH6jUhPlq0pBQNLuV,110.933,66,https://open.spotify.com/track/2S6z7NH6jUhPlq0pBQNLuV,spotify:track:2S6z7NH6jUhPlq0pBQNLuV,0.539,0.868,5,-6.533,0.176,0.211,0.0,0.137,0.669,81.976,4
otra vez,6RmnotfWeDu72fXhpo26Bq,205.0,55,https://open.spotify.com/track/6RmnotfWeDu72fXhpo26Bq,spotify:track:6RmnotfWeDu72fXhpo26Bq,0.583,0.72,9,-7.439,0.0992,0.0199,0.0,0.124,0.216,145.903,4
PORFA - Remix,0O6y19p9Mj6hcwD5cOQaMI,333.293,48,https://open.spotify.com/track/0O6y19p9Mj6hcwD5cOQaMI,spotify:track:0O6y19p9Mj6hcwD5cOQaMI,0.746,0.79,6,-4.738,0.0811,0.0876,1.17e-06,0.0754,0.69,167.992,4
XX,7BgIcfAlmUNW6IABxVJcT2,113.72,60,https://open.spotify.com/track/7BgIcfAlmUNW6IABxVJcT2,spotify:track:7BgIcfAlmUNW6IABxVJcT2,0.654,0.76,1,-6.135,0.0627,0.0564,1.41e-06,0.118,0.806,163.939,4
ATEO,14M8dLdMYo5rTxDVvIp85o,138.68,63,https://open.spotify.com/track/14M8dLdMYo5rTxDVvIp85o,spotify:track:14M8dLdMYo5rTxDVvIp85o,0.42,0.457,4,-7.27,0.103,0.904,0.0,0.0988,0.261,87.035,4
XNTXS,24lBVR15wE6fcl7vN5pec1,147.92,55,https://open.spotify.com/track/24lBVR15wE6fcl7vN5pec1,spotify:track:24lBVR15wE6fcl7vN5pec1,0.543,0.765,7,-7.876,0.272,0.386,0.0,0.0824,0.426,100.197,4
FRESH KERIAS,6bfsLxdThst8i1LfkVmLZr,272.346,54,https://open.spotify.com/track/6bfsLxdThst8i1LfkVmLZr,spotify:track:6bfsLxdThst8i1LfkVmLZr,0.574,0.741,5,-4.446,0.296,0.278,0.000154,0.156,0.745,185.973,4
PORFA,4TOmcZvw0gHa7GiXRbcYAW,232.653,71,https://open.spotify.com/track/4TOmcZvw0gHa7GiXRbcYAW,spotify:track:4TOmcZvw0gHa7GiXRbcYAW,0.542,0.795,6,-8.106,0.193,0.0903,0.0,0.117,0.55,167.823,4
BORRAXXA,16uvds0iYqjEK8m5EGEdVd,223.48,63,https://open.spotify.com/track/16uvds0iYqjEK8m5EGEdVd,spotify:track:16uvds0iYqjEK8m5EGEdVd,0.617,0.852,8,-5.251,0.0834,0.104,0.00208,0.0862,0.793,91.005,4
CU U U U UX,3jO5IAvslWxaTxswokg66i,195.453,56,https://open.spotify.com/track/3jO5IAvslWxaTxswokg66i,spotify:track:3jO5IAvslWxaTxswokg66i,0.464,0.859,3,-7.328,0.289,0.208,0.0,0.114,0.37,134.966,4
X19X,51CGbL9BAw1896waeHoR9w,161.106,67,https://open.spotify.com/track/51CGbL9BAw1896waeHoR9w,spotify:track:51CGbL9BAw1896waeHoR9w,0.4,0.596,6,-9.072,0.112,0.71,0.0,0.103,0.083,171.515,5
RELXJXTE,0eI8yxgCGbguwbK26n22RQ,185.813,63,https://open.spotify.com/track/0eI8yxgCGbguwbK26n22RQ,spotify:track:0eI8yxgCGbguwbK26n22RQ,0.576,0.859,6,-6.845,0.0708,0.0941,0.000173,0.105,0.624,93.011,4
VIDEITOXX,2dxZ5DbZ4Iq6vMBYq4coqT,185.586,56,https://open.spotify.com/track/2dxZ5DbZ4Iq6vMBYq4coqT,spotify:track:2dxZ5DbZ4Iq6vMBYq4coqT,0.521,0.816,4,-7.245,0.0945,0.114,0.0,0.0882,0.752,82.0,4
EXCXSXS,0GbrwlmnRMJOQ5bRV9QcZa,142.613,68,https://open.spotify.com/track/0GbrwlmnRMJOQ5bRV9QcZa,spotify:track:0GbrwlmnRMJOQ5bRV9QcZa,0.544,0.768,5,-6.628,0.407,0.137,0.0,0.113,0.257,177.656,4
MORXX,1auURVigxSAG01o9iTCvaX,133.293,49,https://open.spotify.com/track/1auURVigxSAG01o9iTCvaX,spotify:track:1auURVigxSAG01o9iTCvaX,0.717,0.822,7,-8.1,0.299,0.467,4.83e-06,0.12,0.781,92.039,4
EL CUARTO DE FERXXO,1WBwck9KqWfe6mr2j06UEM,151.4,71,https://open.spotify.com/track/1WBwck9KqWfe6mr2j06UEM,spotify:track:1WBwck9KqWfe6mr2j06UEM,0.529,0.811,4,-6.827,0.178,0.0818,2e-05,0.0891,0.777,166.068,4
TX VXS,4IFxyuny9fDbTKDXjy6nAY,221.333,55,https://open.spotify.com/track/4IFxyuny9fDbTKDXjy6nAY,spotify:track:4IFxyuny9fDbTKDXjy6nAY,0.622,0.699,10,-5.207,0.248,0.0498,2.22e-06,0.307,0.362,176.012,4
PERREOXOXO,31bsf9JZWITAir5Uzjtsp5,91.653,53,https://open.spotify.com/track/31bsf9JZWITAir5Uzjtsp5,spotify:track:31bsf9JZWITAir5Uzjtsp5,0.799,0.838,2,-4.957,0.121,0.208,2.25e-05,0.0939,0.912,95.03,4
AVXNTADXR,2ZN0GHIwy1KLEJODW1uVkO,137.186,56,https://open.spotify.com/track/2ZN0GHIwy1KLEJODW1uVkO,spotify:track:2ZN0GHIwy1KLEJODW1uVkO,0.409,0.849,1,-9.178,0.422,0.252,0.0,0.101,0.407,88.979,4
dembowpopsexyTROPICAL,2KYQyxkmCoFKcQuv3fFTyr,68.693,56,https://open.spotify.com/track/2KYQyxkmCoFKcQuv3fFTyr,spotify:track:2KYQyxkmCoFKcQuv3fFTyr,0.506,0.633,5,-11.272,0.44,0.906,0.0,0.337,0.417,87.906,4
Buena Mala,58vh4wStJA86AvYzYoUI3d,151.826,42,https://open.spotify.com/track/58vh4wStJA86AvYzYoUI3d,spotify:track:58vh4wStJA86AvYzYoUI3d,0.689,0.84,4,-6.924,0.0316,0.274,0.0,0.107,0.918,120.039,4
badwine,3HNSJ9jfe42rn6OpjZNYv4,139.36,52,https://open.spotify.com/track/3HNSJ9jfe42rn6OpjZNYv4,spotify:track:3HNSJ9jfe42rn6OpjZNYv4,0.658,0.704,1,-6.915,0.18,0.45,0.0081,0.101,0.704,185.951,4
Quiero,4UMuSg23zW8fO6UfYRcqTn,171.213,56,https://open.spotify.com/track/4UMuSg23zW8fO6UfYRcqTn,spotify:track:4UMuSg23zW8fO6UfYRcqTn,0.62,0.485,5,-6.546,0.268,0.523,2.64e-06,0.0898,0.357,86.222,4
Sígueme - Remix,7IpRYJ71dk98P0SmgnNLYh,201.813,59,https://open.spotify.com/track/7IpRYJ71dk98P0SmgnNLYh,spotify:track:7IpRYJ71dk98P0SmgnNLYh,0.515,0.685,1,-5.662,0.241,0.62,6.44e-05,0.107,0.664,86.492,4
Subiendo,6b5vHrDqq2lsLLJXSUEaTJ,90.973,39,https://open.spotify.com/track/6b5vHrDqq2lsLLJXSUEaTJ,spotify:track:6b5vHrDqq2lsLLJXSUEaTJ,0.651,0.739,1,-4.784,0.118,0.21,1.87e-05,0.212,0.529,170.053,4
Ven Pa Casa,6arIFBQvpSscIQCaevwzie,157.586,44,https://open.spotify.com/track/6arIFBQvpSscIQCaevwzie,spotify:track:6arIFBQvpSscIQCaevwzie,0.275,0.542,7,-12.462,0.0565,0.861,0.0,0.107,0.501,142.139,4
FKU,5chLrW35iW4juKNXQ69XGl,136.586,48,https://open.spotify.com/track/5chLrW35iW4juKNXQ69XGl,spotify:track:5chLrW35iW4juKNXQ69XGl,0.526,0.755,8,-9.077,0.449,0.395,3.06e-06,0.331,0.556,174.017,4
Ron,2g2N9oM1YNakXbPEJKnzyO,155.866,44,https://open.spotify.com/track/2g2N9oM1YNakXbPEJKnzyO,spotify:track:2g2N9oM1YNakXbPEJKnzyO,0.625,0.782,8,-5.721,0.0632,0.155,0.0,0.349,0.955,159.937,4
Ven Pa Casa_RGT,35dra2TxXnhMdDQaAkXs6S,181.76,45,https://open.spotify.com/track/35dra2TxXnhMdDQaAkXs6S,spotify:track:35dra2TxXnhMdDQaAkXs6S,0.599,0.736,9,-5.863,0.125,0.154,6.22e-06,0.0884,0.736,179.948,4
Trampa,6k70HS1FuuanXf4Avoc5tE,88.0,42,https://open.spotify.com/track/6k70HS1FuuanXf4Avoc5tE,spotify:track:6k70HS1FuuanXf4Avoc5tE,0.492,0.68,4,-7.573,0.219,0.24,7.04e-06,0.123,0.266,179.758,4
Con Tu Body,5t0ZurzbBlqrXhzVhbjqmk,151.266,44,https://open.spotify.com/track/5t0ZurzbBlqrXhzVhbjqmk,spotify:track:5t0ZurzbBlqrXhzVhbjqmk,0.458,0.692,7,-8.852,0.407,0.522,0.0,0.125,0.372,194.182,4
Sorpresas,4ZzovLyhY6PTrQTRJMOed7,166.106,28,https://open.spotify.com/track/4ZzovLyhY6PTrQTRJMOed7,spotify:track:4ZzovLyhY6PTrQTRJMOed7,0.498,0.7,5,-11.619,0.269,0.48,0.000586,0.14,0.397,141.885,4
Matando,54TjLEn7MSZsMVXDoukakG,185.973,29,https://open.spotify.com/track/54TjLEn7MSZsMVXDoukakG,spotify:track:54TjLEn7MSZsMVXDoukakG,0.702,0.844,10,-5.756,0.0669,0.227,0.00395,0.296,0.75,92.013,4
Dime,5p7gfXtCpmWAjLAzrNoOOW,197.666,29,https://open.spotify.com/track/5p7gfXtCpmWAjLAzrNoOOW,spotify:track:5p7gfXtCpmWAjLAzrNoOOW,0.771,0.762,6,-6.221,0.107,0.187,0.000523,0.337,0.595,91.014,4
911,0f0EV02n2JdUFFoKU1jUPq,222.546,50,https://open.spotify.com/track/0f0EV02n2JdUFFoKU1jUPq,spotify:track:0f0EV02n2JdUFFoKU1jUPq,0.848,0.792,6,-4.28,0.0983,0.0495,0.000132,0.137,0.553,103.007,4
Completa,2Oxyf1WMl8j1QcyLWyHgN0,201.466,28,https://open.spotify.com/track/2Oxyf1WMl8j1QcyLWyHgN0,spotify:track:2Oxyf1WMl8j1QcyLWyHgN0,0.737,0.838,5,-6.49,0.0692,0.489,0.0,0.356,0.864,94.022,4
Lluvia,7kGHK6l1CKog8aJNodtKcc,177.72,28,https://open.spotify.com/track/7kGHK6l1CKog8aJNodtKcc,spotify:track:7kGHK6l1CKog8aJNodtKcc,0.54,0.819,5,-7.878,0.0987,0.266,1.71e-06,0.249,0.354,124.033,4
Mazucamba,636rSPiSzriPHFocJYpG5u,162.733,30,https://open.spotify.com/track/636rSPiSzriPHFocJYpG5u,spotify:track:636rSPiSzriPHFocJYpG5u,0.657,0.817,1,-6.97,0.189,0.0529,0.000846,0.258,0.706,97.99,4
Tácticas,4Tm0D4NB7n4cCS1jvfr6jK,193.96,29,https://open.spotify.com/track/4Tm0D4NB7n4cCS1jvfr6jK,spotify:track:4Tm0D4NB7n4cCS1jvfr6jK,0.666,0.862,0,-6.607,0.136,0.245,0.000484,0.143,0.824,94.024,4
Peculiar,1AdsdBAdHF96OL4roSDPAs,168.173,29,https://open.spotify.com/track/1AdsdBAdHF96OL4roSDPAs,spotify:track:1AdsdBAdHF96OL4roSDPAs,0.734,0.74,9,-5.557,0.341,0.353,4.78e-06,0.146,0.559,95.111,4
Ahora,4B593C2FGCs1bdyt8maIXJ,213.0,28,https://open.spotify.com/track/4B593C2FGCs1bdyt8maIXJ,spotify:track:4B593C2FGCs1bdyt8maIXJ,0.736,0.808,1,-7.252,0.139,0.122,7.34e-06,0.127,0.628,88.001,4
Si Fuera Fácil,03V9zmEEwEwNuWV3eUevlA,186.986,28,https://open.spotify.com/track/03V9zmEEwEwNuWV3eUevlA,spotify:track:03V9zmEEwEwNuWV3eUevlA,0.784,0.868,5,-6.098,0.0723,0.333,6.1e-06,0.0838,0.754,92.008,4
Si De Mí Te Enamoras,36XlmG4C2g6PZfWAZQ9JYA,179.453,29,https://open.spotify.com/track/36XlmG4C2g6PZfWAZQ9JYA,spotify:track:36XlmG4C2g6PZfWAZQ9JYA,0.637,0.803,6,-4.646,0.143,0.171,2.32e-06,0.175,0.529,88.975,4
S.O.S.,6m2dMU5Wv2n0qjXuZiwybC,225.186,29,https://open.spotify.com/track/6m2dMU5Wv2n0qjXuZiwybC,spotify:track:6m2dMU5Wv2n0qjXuZiwybC,0.668,0.732,0,-5.74,0.0796,0.172,1.49e-05,0.108,0.55,82.945,4
Como Tú,39atnEW8PncrZy9FN1WBxn,177.786,28,https://open.spotify.com/track/39atnEW8PncrZy9FN1WBxn,spotify:track:39atnEW8PncrZy9FN1WBxn,0.671,0.741,5,-6.8,0.386,0.378,0.0,0.0764,0.852,171.996,4
Morena,0BmrmBTd5NlVhVMLGW0PaG,200.466,41,https://open.spotify.com/track/0BmrmBTd5NlVhVMLGW0PaG,spotify:track:0BmrmBTd5NlVhVMLGW0PaG,0.656,0.847,4,-7.158,0.111,0.077,1.15e-06,0.104,0.795,88.013,4
Que Raro,2C99k3JjpT8eTzIAVZwOEa,230.826,43,https://open.spotify.com/track/2C99k3JjpT8eTzIAVZwOEa,spotify:track:2C99k3JjpT8eTzIAVZwOEa,0.844,0.755,5,-6.234,0.326,0.329,8.48e-06,0.555,0.745,171.867,4
La Respuesta,7nAfTHF1evZfybIlcRiYZn,171.733,26,https://open.spotify.com/track/7nAfTHF1evZfybIlcRiYZn,spotify:track:7nAfTHF1evZfybIlcRiYZn,0.799,0.827,7,-5.657,0.099,0.394,0.000556,0.0868,0.698,91.015,4
Morena,6l0Uj7W0mwwTd9HzNZDzOA,197.616,37,https://open.spotify.com/track/6l0Uj7W0mwwTd9HzNZDzOA,spotify:track:6l0Uj7W0mwwTd9HzNZDzOA,0.715,0.847,4,-6.097,0.11,0.147,0.0,0.0962,0.807,88.028,4
Otra Noche,3cStrCMFnU392Ucdsqp8H8,188.29,31,https://open.spotify.com/track/3cStrCMFnU392Ucdsqp8H8,spotify:track:3cStrCMFnU392Ucdsqp8H8,0.716,0.733,7,-5.236,0.0605,0.387,0.0,0.199,0.686,179.903,4
Si Tú Quieres,3UN9bTKEBQKaVODY77Ampy,182.935,30,https://open.spotify.com/track/3UN9bTKEBQKaVODY77Ampy,spotify:track:3UN9bTKEBQKaVODY77Ampy,0.609,0.659,0,-6.386,0.189,0.13,0.0,0.105,0.87,83.402,4
Siénteme,4NUOi1wgGyTFVNZYLuhuf6,230.243,30,https://open.spotify.com/track/4NUOi1wgGyTFVNZYLuhuf6,spotify:track:4NUOi1wgGyTFVNZYLuhuf6,0.729,0.783,2,-6.482,0.0499,0.257,0.000108,0.185,0.6,97.045,4
Luna Llena,1nNenY6d3wLt656dpgG4Xq,181.342,30,https://open.spotify.com/track/1nNenY6d3wLt656dpgG4Xq,spotify:track:1nNenY6d3wLt656dpgG4Xq,0.781,0.787,11,-5.176,0.0963,0.283,4.06e-05,0.084,0.767,94.021,4
Magnífica,4qrScEpkpnbUib5RKyZIZb,180.009,30,https://open.spotify.com/track/4qrScEpkpnbUib5RKyZIZb,spotify:track:4qrScEpkpnbUib5RKyZIZb,0.829,0.75,5,-5.156,0.203,0.492,0.0,0.133,0.863,180.003,4
Si Ella Supiera,6PEqi7ymagBIJIEniT6jdN,194.899,28,https://open.spotify.com/track/6PEqi7ymagBIJIEniT6jdN,spotify:track:6PEqi7ymagBIJIEniT6jdN,0.797,0.827,8,-4.892,0.118,0.213,0.0,0.0965,0.869,169.942,4
Ayer,2Xalun25oZG4hG93wD3STG,189.805,30,https://open.spotify.com/track/2Xalun25oZG4hG93wD3STG,spotify:track:2Xalun25oZG4hG93wD3STG,0.686,0.79,6,-4.843,0.0612,0.621,1.5e-06,0.125,0.916,92.039,4
Si Te Vas,6AepbR8ZVBbCAIPu2vP5dH,162.272,31,https://open.spotify.com/track/6AepbR8ZVBbCAIPu2vP5dH,spotify:track:6AepbR8ZVBbCAIPu2vP5dH,0.884,0.787,1,-5.18,0.179,0.0862,0.0,0.0625,0.754,182.072,4
el único tema del ferxxo,4TV3DqlWiwOaqYzKQaoo3C,183.373,58,https://open.spotify.com/track/4TV3DqlWiwOaqYzKQaoo3C,spotify:track:4TV3DqlWiwOaqYzKQaoo3C,0.769,0.802,0,-2.485,0.0892,0.0224,0.0,0.0837,0.721,102.965,4
RITMO DE MEDALLO,4N7upGXy0E8jEs5uF88Gp2,118.693,54,https://open.spotify.com/track/4N7upGXy0E8jEs5uF88Gp2,spotify:track:4N7upGXy0E8jEs5uF88Gp2,0.889,0.556,2,-3.86,0.314,0.037,0.0,0.08,0.649,90.053,4
PRIVILEGIOS,69jZvoJLJMii9EUhNCUsQP,185.84,47,https://open.spotify.com/track/69jZvoJLJMii9EUhNCUsQP,spotify:track:69jZvoJLJMii9EUhNCUsQP,0.743,0.522,4,-5.475,0.0571,0.164,0.0,0.0833,0.518,77.915,4
GANGSTERS Y PISTOLAS,7DMHFEUI4biOleAIV1qlYu,170.693,49,https://open.spotify.com/track/7DMHFEUI4biOleAIV1qlYu,spotify:track:7DMHFEUI4biOleAIV1qlYu,0.55,0.851,2,-6.489,0.11,0.0288,0.0,0.441,0.518,90.039,4
BUBALU,36FTXlmbiV2diZdZukzLDm,228.253,81,https://open.spotify.com/track/36FTXlmbiV2diZdZukzLDm,spotify:track:36FTXlmbiV2diZdZukzLDm,0.786,0.781,6,-5.211,0.0885,0.115,5.88e-06,0.107,0.759,111.989,4
FERXXO 151,1LFXWfARjkBkc9Abofmgp8,195.653,78,https://open.spotify.com/track/1LFXWfARjkBkc9Abofmgp8,spotify:track:1LFXWfARjkBkc9Abofmgp8,0.931,0.76,0,-4.557,0.138,0.158,1.71e-06,0.373,0.545,113.047,4
VENTE CONMIGO,4zzyCocu8LZVqctOGSfVKz,186.0,71,https://open.spotify.com/track/4zzyCocu8LZVqctOGSfVKz,spotify:track:4zzyCocu8LZVqctOGSfVKz,0.788,0.868,4,-3.424,0.121,0.00503,6.88e-05,0.0609,0.711,116.034,4
LA BABY,1PyEIqKSHiGNK9KjxosuHi,182.857,67,https://open.spotify.com/track/1PyEIqKSHiGNK9KjxosuHi,spotify:track:1PyEIqKSHiGNK9KjxosuHi,0.83,0.75,0,-3.544,0.0683,0.115,0.0,0.765,0.688,104.937,4
Yankee 150,28BSTgZH1ckI8Xfy8LXaRz,242.667,78,https://open.spotify.com/track/28BSTgZH1ckI8Xfy8LXaRz,spotify:track:28BSTgZH1ckI8Xfy8LXaRz,0.821,0.72,6,-2.488,0.0681,0.0953,0.000167,0.0929,0.628,167.998,4
POLARIS - Remix,0EhuGnOS6fTc5l5UNtDEH2,288.0,84,https://open.spotify.com/track/0EhuGnOS6fTc5l5UNtDEH2,spotify:track:0EhuGnOS6fTc5l5UNtDEH2,0.799,0.623,8,-4.152,0.0713,0.153,0.0,0.365,0.552,169.901,4
